Parcel ID (TMK),Petition Number,Site Address,End Year
220270390000,A10140066,2854 BOOTH RD,2023
270350750000,A10140353,2842 DATE ST,2023
320641100000,A05140356,4141 MALAPUA PL,2018
340210010001,A20040578,2801 LA I RD,2023
340210010002,A10150017,2801 N2 LA I RD,2024
340210010003,A20040266,2801 LA I RD,2023
340210010004,A20040579,2801 LA I RD,2023
340210060000,A05150039,3115 LA I RD,2019
340210080000,A10140354,2878 LA I RD,2023
340210100000,A10140140,2759 LAI RD,2023
340210120000,A10140355,2801 G LA I RD,2023
340210130000,A20040271,2801 H LA I RD,2023
340210140000,A10140332,2801 P LA I RD,2023
340210160000,A10140214,3029 LA I RD,2023
340210190000,A10140357,3140 LA I RD,2023
340210200000,A10140162,3152 LA I RD,2023
340210210000,A10130159,3159 LAI RD,2022
340210230000,A10140068,2801 J LA I RD,2023
340210250001,A20040876,2801 M LA I RD,2023
340210250002,A20040524,2801 M1 LA I RD,2023
340210340000,A10090054,2801 Q LA I RD,2018
340210350000,A10140215,3035 LA I RD,2023
340210460000,A10180007,2809 A1 LA I RD,2027
390050200000,A10100161,587 PAKALA ST,2019
390050220000,A10100160,577 PAKALA ST,2019
390050340000,A10100227,459 PAKALA ST,2019
390050440000,A10120169,566 PAKALA ST,2021
390050480000,A10100007,523 PAKALA ST,2019
390050490000,A10180124,495 PAKALA ST,2027
390190030000,A10090158,868 KAMILONUI PL,2018
390190030000,AV10110002,868 KAMILONUI PL,2020
390190040000,A10130108,888 KAMILONUI PL,2022
390190040000,AV10110001,888 KAMILONUI PL,2020
390190050000,A10170084,898 KAMILONUI PL,2026
390190060000,A10170085,908 KAMILONUI PL,2026
390190070000,A10180129,918 KAMILONUI PL,2027
390190080000,A10180128,928 KAMILONUI PL,2027
390190090000,A10170134,938 KAMILONUI PL,2026
390190100000,A10170135,948 KAMILONUI PL,2026
390190110000,A10180122,958 KAMILONUI PL,2027
390190120000,A10170020,968 KAMILONUI PL,2026
390190130000,A10170129,978 KAMILONUI PL,2026
390190150000,A10180121,965 KAMILONUI PL,2027
Parcel ID (TMK),Petition Number,Site Address,End Year
390190180000,A10180057,935 KAMILONUI PL,2027
390190190000,A10180076,925 KAMILONUI PL,2027
390190200000,A10120024,915 KAMILONUI PL,2021
390190210000,A10180042,905 KAMILONUI PL,2027
390190220000,A10170045,895 KAMILONUI PL,2026
390190230000,A10120167,865 KAMILONUI PL,2021
390190240000,A10120168,855 KAMILONUI PL,2021
410080450000,A10120130,KULAIWI ST,2021
410080460000,A10120181,HILU ST,2021
410080540000,A20040644A,41‐1800 KALANIANAOLE HWY,2023
410080590000,A20040644B,41‐1800 KALANIANAOLE HWY,2023
410080760000,A10140358,41‐131 KULAIWI ST,2023
410080790000,A20040171,41‐254 KULAIWI ST,2023
410092660000,A10140146,41‐245 HIHIMANU ST,2023
410092690000,A10170063,41‐211 HIHIMANU ST,2026
410100030000,A10150027,41‐909 MAHAILUA ST,2024
410100040000,A20040099,41‐879 MAHAILUA ST,2023
410100060000,A10160004,41‐825 MAHAILUA ST,2025
410100080000,A10180086,41‐928 KAKAINA ST,2027
410100130000,A10090005,41‐936 KAKAINA ST,2018
410100140000,A05180087,41‐938 KAKAINA ST,2022
410100210000,A10160035,41‐874 WAIKUPANAHA ST,2025
410100220000,A10140359,41‐964 KAKAINA ST,2023
410100290000,A10170046,41‐1020 KAKAINA ST,2026
410100300000,A10140349,41‐1023 KAKAINA ST,2023
410100310000,A05140033,41‐1019 KAKAINA ST,2018
410100340000,A10140187,41‐951 KAKAINA PL,2023
410100370000,A10140360,41‐954 KAKAINA PL,2023
410100380000,A10140528,41‐984 KAKAINA PL,2023
410100390000,A10140529,41‐1009 KAKAINA ST,2023
410100400000,A10130115,41‐977 KAKAINA ST,2022
410100410000,A10170021,41‐955 KAKAINA ST,2026
410100420000,A05150031,41‐937 KAKAINA ST,2019
410100430000,A10170065,41‐921 KAKAINA ST,2026
410100440000,A10100037,41‐910 WAIKUPANAHA ST,2019
410100590000,A20040286,41‐978 WAIKUPANAHA ST,2023
410100630000,A20040061,41‐1100 WAIKUPANAHA ST,2023
410100640000,A10170112,41‐1143 WAIKUPANAHA ST,2026
410100670000,A10160253,41‐1160 WAIKUPANAHA ST,2025
410100700000,A10170159,41‐1020 WAIKUPANAHA ST,2026
410100810000,A10180015,41‐1050 KAKAINA ST,2027
410100880000,A10140274,41‐1040 WAIKUPANAHA ST,2023
410130030000,A10090004,KALANIANAOLE HWY,2018
Parcel ID (TMK),Petition Number,Site Address,End Year
410130170000,A10140373,KALANIANAOLE HWY,2023
410130320000,A05160056,KALANIANAOLE HWY,2020
410180130000,A05170047,41‐571  FLAMINGO ST,2021
410180140000,A10170061,41‐565 FLAMINGO ST,2026
410180150000,A05180037,41‐551 FLAMINGO ST,2022
410180160000,A05140277,41‐545 FLAMINGO ST,2018
410180220000,A10100043,41‐655 KUMUHAU ST,2019
410180340000,A10150245,41‐659 G KUMUHAU ST,2024
410180360000,A10140361,41‐659 F KUMUHAU ST,2023
410180400000,A10170101,41‐641 KUMUHAU ST,2026
410180470000,A10170102,KUMUHAU ST,2026
410180480000,A10150187,KUMUHAU ST,2024
410240120000,A10180016,41‐860 KAKAINA ST,2027
410240130000,A10180017,41‐860 KAKAINA ST,2027
410240140000,A10180018,41‐860 KAKAINA ST,2027
410240180000,A10140057,41‐821 WAIKUPANAHA ST,2023
410240200000,A10100192,41‐756 MAHAILUA ST,2019
410240210000,A10170022,41‐710 MAHAILUA ST,2026
410240220000,A10140552,41‐732 KAKAINA ST,2023
410240240000,A05170121,41‐656 KAKAINA ST,2021
410240250000,A10170023,41‐639 KAULUKANU ST,2026
410240280000,A20040236,41‐712 MOOIKI ST,2023
410240290000,A10170074,41‐723 KAULUKANU ST,2026
410240310000,A10170068,41‐717 WAIKUPANAHA ST,2026
410240310000,AV10170030,41‐717 WAIKUPANAHA ST,2026
410240320000,A20040030,41‐760 KAULUKANU ST,2023
410240330000,A05160093,41‐666 KAULUKANU ST,2020
410240340000,A05180063,41‐650 KAULUKANU ST,2022
410240350000,A05140297,41‐520 HIHIMANU ST,2018
410240360000,A10140348,41‐635 MOKULAMA ST,2023
410240370000,A10140532,41‐679 MOKULAMA ST,2023
410240380000,A10140533,MOKULAMA ST,2023
410240390000,AV10150007,41‐709 MOKULAMA ST,2024
410240400000,AV10150008,MOKULAMA ST,2024
410240410000,A10170086,41‐715 MOKULAMA ST,2026
410240420000,A10150153,41‐659 WAIKUPANAHA ST,2024
410240430000,A10150008,41‐765 MOKULAMA ST,2024
410240440000,A10150191,41‐774 MOKULAMA ST,2024
410240450000,A10140537,41‐555 WAIKUPANAHA ST,2023
410240460000,A05160172,41‐540 MAKAKALO ST,2020
410240470000,A10170083,41‐741 AHIKI ST,2026
410240480000,A10110197,41‐502 MAKAKALO ST,2020
410240500000,A10130004,41‐539 MAKAKALO ST,2022
Parcel ID (TMK),Petition Number,Site Address,End Year
410240510000,A10130005,41‐569 MAKAKALO ST,2022
410240520000,A10130006,MAKAKALO ST,2022
410240530000,A10130007,41‐587 MAKAKALO ST,2022
410240540000,A10170066,41‐670 MOKULAMA ST,2026
410240550000,A10170090,41‐630 MOKULAMA ST,2026
410240570000,A10160155,41‐486 HIHIMANU ST,2025
410240590000,A10170072,41‐464 HIHIMANU ST,2026
410240610000,A10140363,41‐450 HIHIMANU ST,2023
410240620000,A10170071,41‐436 HIHIMANU ST,2026
410240630000,A10170070,AHIKI ST,2026
410240640000,A10140120,41‐629 AHIKI ST,2023
410240650000,A05160013,41‐426 HIHIMANU ST,2020
410240760000,A05140350,KAKAINA ST,2018
410240780000,A10140159,41‐669 AHIKI ST,2023
410240790000,A10140364,41‐708 KAKAINA ST,2023
410240800000,A10140365,41‐769 MAHAILUA ST,2023
410240810000,A10140002,41‐770 MAHAILUA ST,2023
410240820000,A10160161,41‐745 MOOIKI ST,2025
410240840000,A20040029,41‐730 KAULUKANU ST,2023
410240850000,A10130158,41‐759 KAULUKANU ST,2022
410240860000,A10140049,41‐755  KAULUKANU ST,2023
410240870000,A20040043,41‐745 KAULUKANU ST,2023
410240880000,A10170091,41‐474 HIHIMANU ST,2026
410240890000,A10140060,41‐462 HIHIMANU ST,2023
410240900000,A10140366,41‐558 MAKAKALO ST,2023
410240910000,A10150005,MOKULAMA ST,2024
410240920000,A10150009,41‐765 C MOKULAMA ST,2024
410240930000,A10150010,41‐765 MOKULAMA ST,2024
410240940000,A10140161,41‐756 MOOIKI ST,2023
410240950000,A10170076,41‐715 MOOIKI ST,2026
410240960000,A10140207,41‐739 MOOIKI ST,2023
410240980000,A10150192,41‐774 MOKULAMA ST,2024
410240990000,A10140151,41‐620 KAULUKANU ST,2023
410241000000,A10140152,41‐630 KAULUKANU ST,2023
410241010000,AV10150010,41‐659 WAIKUPANAHA ST,2024
410241020000,A10150152,41‐647 WAIKUPANAHA ST,2024
410241040000,A20040050,41‐625 KAULUKANU ST,2023
410241050000,A10180050,41‐720 MOOIKI ST,2027
410241060000,A10140367,41‐574 MAKAKALO ST,2023
410241070000,A10180014,41‐545 WAIKUPANAHA ST,2027
410241080000,A10150069,KAULUKANU ST,2024
410241160000,A10140208,41‐695 KAULUKANU ST,2023
410241170000,A05160110,41‐665 KAULUKANU ST,2020
Parcel ID (TMK),Petition Number,Site Address,End Year
410241220000,A05180046,41‐812  KAKAINA ST,2022
410241230000,A05180047,41‐812 KAKAINA ST,2022
410250040002,A10170167,41‐875 KAKAINA ST,2026
410250060000,A10160009,41‐849 KAKAINA ST,2025
410250070000,A10160010,41‐849 KAKAINA ST,2025
410250080000,A10160156,41‐829 KAKAINA ST,2025
410250090000,A10160135,41‐829 A KAKAINA ST,2025
410250100000,A05160126,41‐659 MAHALUA ST,2020
410250110000,A10140369,41‐647 MAHAILUA ST,2023
410250120000,A10180102,41‐747  KAKAINA ST,2027
410250130000,A10180101,41‐747 KAKAINA ST,2027
410250140000,A10170024,41‐719 KAKAINA ST,2026
410250150000,A10170106,41‐640 MAHAILUA ST,2026
410250160000,A10170107,41‐640 MAHAILUA ST,2026
410250170000,A10170108,MAHAILUA ST,2026
410250180000,A10170109,41‐640 A MAHAILUA ST,2026
410250190000,A05160167,41‐562 KUMUHAU ST,2020
410250210000,A05170048,41‐604 MAHAILUA ST,2021
410250220000,A10180089,41‐639 MAHAILUA ST,2027
410250230000,A10180088,41‐638 KUMUHAU ST,2027
410250240000,A10140034,41‐670 KUMUHAU ST,2023
410250250000,A10140035,KUMUHAU ST,2023
410250260000,A10140036,41‐670 KUMUHAU ST,2023
410250270000,A10170078,41‐720 KUMUHAU ST,2026
410250280000,A10140143,41‐724 KUMUHAU ST,2023
410250290000,A10140139,41‐726 KUMUHAU ST,2023
410250300000,A10140142,41‐732 KUMUHAU ST,2023
410250310000,A10140370,KUMUHAU ST,2023
410250320000,A10140371,41‐744 KUMUHAU ST,2023
410250330000,A10150159,41‐937 WAIKUPANAHA ST,2024
410250340000,A05170105,41‐949 WAIKUPANAHA ST,2021
410250350000,A10130049,951 WAIKUPANAHA ST,2022
410250550000,A10150059,41‐739 KUMUHAU ST,2024
410250570000,A05140372,KUMUHAU ST,2018
410250580000,A10170158,41‐709 KAKAINA ST,2026
410250590000,A10150070,41‐717 KAKAINA ST,2024
410250600000,A10150032,41‐711 KAKAINA ST,2024
410260050000,A10090197,WAIKUPANAHA ST,2018
410260060000,A10090196,41‐139 WAIKUPANAHA ST,2018
410260090000,A10160024,41‐610 NONOKIO ST,2025
410260110000,A10160254,41‐350 HIHIMANU ST,2025
410260150000,A10140038,41‐430 WAIKUPANAHA ST,2023
410260170000,A10140070,41‐500 WAIKUPANAHA ST,2023
Parcel ID (TMK),Petition Number,Site Address,End Year
410260180000,A10100180,41‐512 WAIKUPANAHA ST,2019
410260190000,A10150185,41‐530 WAIKUPANAHA ST,2024
410260240000,A05180012,41‐202  HIHIMANU ST,2022
410260250000,A20040014A,41‐208 HIHIMANU ST,2023
410260270000,A05140235,41‐250 HIHIMANU ST,2018
410260280000,A05140236,41‐626 NONOKIO ST,2018
410260300000,A10120142,41‐246 HIHIMANU ST,2021
410260310000,A05160041,41‐244 HIHIMANU ST,2020
410260320000,A05160092,41‐246 B HIHIMANU ST,2020
410270010000,A10180030,41‐568 WAIKUPANAHA PL,2027
410270020000,A10150071,41‐563 WAIKUPANAHA PL,2024
410270060000,A10180065,41‐608 WAIKUPANAHA ST,2027
410270070000,A10180066,41‐614 WAIKUPANAHA ST,2027
410270080000,A10180064,41‐628 WAIKUPANAHA ST,2027
410270100000,A10160136,41‐672 WAIKUPANAHA ST,2025
410270110000,A10140527,41‐858 KAULUKANU ST,2023
410270120000,A10130114,41‐878 KAULUKANU ST,2022
410270140000,A10150115,41‐902 KAULUKANU ST,2024
410270180000,A10140530,41‐711 KAULUKANU ST,2023
410270190000,A10140534,41‐741 KAULUKANU PL,2023
410270250000,A05170136,41‐740 KAULUKANU PL,2021
410270260000,A10160054,41‐720 KAULUKANU PL,2025
410270270000,A20040131,41‐831 KAULUKANU ST,2023
410270290000,A10140535,41‐758 WAIKUPANAHA ST,2023
410270300000,A20040047,41‐772 WAIKUPANAHA ST,2023
410350010000,A10150037,41‐1009 MAHIKU PL,2024
410350020000,A10150110,41‐999 MAHIKU PL,2024
410350030000,A20040470,41‐969 MAHIKU PL,2023
410350040000,A05140232,41‐949 MAHIKU PL,2018
410350050000,A10140374,41‐929 MAHIKU PL,2023
410350060000,A05140115,41‐909 MAHIKU PL,2018
410350070000,A10150035,41‐889 MAHIKU PL,2024
410350080000,A20040766,41‐869 MAHIKU PL,2023
410350090000,A10140199,41‐849 MAHIKU PL,2023
410350110000,A10150015,41‐890 MAHIKU PL,2024
410350120000,A10140538,41‐910 MAHIKU PL,2023
410350130000,A10150040,41‐950 MAHIKU PL,2024
410350140000,A10110249,41‐970 MAHIKU PL,2020
420050110000,A10150205,OLD KALANIANAOLE RD,2024
420050150000,A10150215,42‐100 KALANIANAOLE HWY,2024
420050160000,A10150216,OLD KALANIANAOLE RD,2024
420050230000,A10150223,KALANIANAOLE HWY,2024
420050290000,A10150210,OLD KALANIANAOLE RD,2024
Parcel ID (TMK),Petition Number,Site Address,End Year
420050300000,A10180138,OLD KALANIANAOLE RD,2027
420070020000,A10150240,1066 MAUNAWILI RD,2024
420070390000,A10090332,1144 MAUNAWILI LP RD,2018
420070400000,A10170123,1140 MAUNAWILI RD,2026
420070410000,A10140195,1130 MAUNAWILI RD,2023
420070420000,A05180082,1120 MAUNAWILI RD,2022
420120130001,A10090042,1009 MAUNAWILI RD,2018
420120130002,A10090043,1011 MAUNAWILI RD,2018
420140030000,A10180029,1003 AULOA RD,2027
420980110000,A10140347,42‐137 OLD KALANIANAOLE RD,2023
420980200000,A10120154,42‐101 KOOKU PL,2021
420980480000,A10120183,42‐71 OLD KALANIANAOLE RD,2021
420980490000,A10120182,42‐51 OLD KALANIANAOLE RD,2021
450210490000,A05160091,45‐1053 G ANOI RD,2020
460160130000,AV10100014,AHUI NANI PL,2019
470050010000,A10140129,47‐263 AHAOLELO RD,2023
470050020000,A10140007,AHAOLELO RD,2023
470050050000,A10150018,47‐255 AHAOLELO RD,2024
470050110000,A05140059,47‐590 MAPELE PL,2018
470050450000,A05140375,47‐604 UAPOAIHALA PL,2018
470050650000,A10140008,47‐615 UAPOAIHALA PL,2023
470050660000,A05140283,47‐565 MAPELE RD,2018
470050670000,A05140280,47‐614 UAPOAIHALA PL,2018
470050680000,A10140376,47‐624 UAPOAIHALA PL,2023
470050690000,A05140282,47‐634 UAPOAIHALA PL,2018
470050700000,A10140378,47‐591 MAPELE RD,2023
470050710000,A10090022,47‐277 AHAOLELO RD,2018
470050720000,A10180073,47‐289 AHAOLELO RD,2027
470050740000,A10140196,47‐602 MAPELE RD,2023
470050750000,A05140247,47‐590 MAPELE RD,2018
470050760000,A10140050,47‐119 MAPELE WAY,2023
470050790000,A05140065,47‐171 MAPELE WAY,2018
470050820000,A10140153,47‐158 MAPELE WAY,2023
470050830000,A05160037,47‐144 MAPELE WAY,2020
470050870000,A10150019,47‐257  AHAOLELO RD,2024
470050880000,A10090044,47‐420 MAPELE RD,2018
470050890002,A10140154,47‐611 MAPELE RD,2023
470050920000,A10140333,47‐611 MAPELE PL,2023
470050930000,A10140334,47‐607 MAPELE PL,2023
470050950000,A10140380,47‐619 MAPELE RD,2023
470050990000,A05180011,47‐136 MAPELE WAY,2022
470051000000,A05160269,47‐122 MAPELE WAY,2020
470060020000,A10110056,47‐544 AHILAMA RD,2020
Parcel ID (TMK),Petition Number,Site Address,End Year
470060030000,A10110057,47‐544 A AHILAMA RD,2020
470070100000,A10140275,47‐381 PULAMA RD,2023
470070160000,A10140382,47‐874 AHILAMA RD,2023
470070360000,A10130245,47‐285 PULAMA RD,2022
470120200000,A10170026,47‐531 AHILAMA RD,2026
470130210000,A10140155,47‐653 AHILAMA RD,2023
470130300000,A05140141,47‐635  AHILAMA RD,2018
470140060000,A10160014,KAMEHAMEHA HWY,2025
470140260000,A10160019,47‐710  KAMEHAMEHA HWY,2025
470150060000,A10160020,LAMAULA ST,2025
470150090000,A10170007,47‐669 LAMAULA RD,2026
470150100000,A10160021,LAMAULA RD,2025
470150130000,A10140131,47‐320 PULAMA RD,2023
470150140000,A10110076,47‐401 PULAMA RD,2020
470160070000,A10170008,KAMEHAMEHA HWY,2026
470250200000,A10140271,47‐357 E2 AHUIMANU RD,2023
470250220000,A10140272,47‐357 E1 AHUIMANU RD,2023
470250410000,A05150038,47‐357 G AHUIMANU RD,2019
470260020000,A10150020,AHILAMA RD,2024
470260050000,A10150021,AHILAMA RD,2024
470260240000,A10110058,47‐519 AHILAMA RD,2020
470270010000,A10140121,47‐157 AHAOLELO PL,2023
470270060000,A10110059,47‐173 AHAOLELO RD,2020
470270180000,A10090282,47‐239 AHAOLELO RD,2018
470270200000,A10140383,47‐157 AHAOLELO PL,2023
470280020000,A10130023,47‐140 AHAOLELO RD,2022
470280050000,A10140273,47‐357 E AHUIMANU RD,2023
470280290000,A10090380,47‐204 I AHAOLELO RD,2018
470280330000,A10140064,47‐206 A AHAOLELO RD,2023
470280360000,A10170044,47‐212 AHAOLELO RD,2026
470290180000,A10090417,AHAOLELO RD,2018
470320010000,A10140209,47‐516  AHUIMANU RD,2023
470320020000,A05140384,47‐524 AHUIMANU RD,2018
470320030000,A10110002,47‐532 AHUIMANU RD,2020
470330010000,A10170132,47‐600 AHILAMA RD,2026
470330060000,A10170103,47‐411 WAIHEE PL,2026
470330140000,A05140463,47‐334 MAPUMAPU RD,2018
470330150000,A10090003,47‐324 MAPUMAPU RD,2018
470330160000,A10170140,47‐310 MAPUMAPU RD,2026
470330170000,A05170010,47‐308 MAHAKEA RD,2021
470330320002,A10170095,47‐434 A WAIHEE PL,2026
470330350000,A20030601,47‐394 MAPUMAPU RD,2022
470390020000,A10090047,47‐2 OKANA RD,2018
Parcel ID (TMK),Petition Number,Site Address,End Year
470390270000,A10130009,47‐40 OKANA PL,2022
470420010000,A10180049,47‐533 PULAMA RD,2027
470420030000,A05170027,47‐802 KAMAKOI PL,2021
470420080000,A10180001,47‐807 KAMAKOI PL,2027
470420120000,A10170028,47‐208 KAMAKOI RD,2026
470420170000,A10170029,47‐227 KAMAKOI RD,2026
470420230000,A10140006,47‐265 KAMAKOI RD,2023
470420250000,A10140239,47‐875 AHILAMA RD,2023
470430270000,A05180005,47‐725 LAMAULA PL,2022
470430430000,A10180074,47‐719 AHILAMA RD,2027
470430480000,A10140335,47‐735 AHILAMA PL,2023
470430540000,A10140210,47‐761 AHILAMA RD,2023
470470150000,A10170030,47‐433 MAHAKEA RD,2026
470470260000,A10170127,47‐345 MAHAKEA RD,2026
470470330000,A10090028,47‐814 AHILAMA RD,2018
470490070000,A10140150,47‐706 MAPELE RD,2023
470590100000,A10100036,47‐630 UAKEA PL,2019
470630020000,A10090218,47‐328 WAIHEE RD,2018
470640010000,A10180035,47‐422 WAIHEE RD,2027
480010010000,A10160270,48‐12 KAMEHAMEHA HWY,2025
480010190000,A10090283,48‐130 WAIAHOLE HMSTD RD,2018
480010200000,A10160120,48‐86 KAMEHAMEHA HWY,2025
480050020000,A10100006,48‐472 KAMEHAMEHA HWY,2019
480050080000,A10140336,48‐464 KAMEHAMEHA ST,2023
480050100000,A05140182,48‐449 HAUPOA ST,2018
480050110000,A10110038,48‐448 HAUPOA ST,2020
480050160000,A10170016,48‐466 HAUPOA ST,2026
480070090000,A10170006,48‐210 WAIAHOLE HMSTD RD,2026
480070100000,A20040872,48‐240 WAIAHOLE HMSTD RD,2023
480080010000,A10150229,48‐159 WAIAHOLE HMSTD RD,2024
480080080000,A10180061,WAIAHOLE VALLEY RD,2027
480080100000,A10180130,48‐197 WAIAHOLE HOMESTEAD RD,2027
480080230000,A10090025,48‐120 KAMEHAMEHA HWY,2018
480080310000,A10150030,WAIAHOLE HMSTD RD,2024
480080320000,A10150157,48‐171 WAIAHOLE HOMESTEAD RD,2024
480090010000,A10140240,48‐166 KAMEHAMEHA HWY,2023
480090060000,A05160174,48‐190 KAMEHAMEHA HWY,2020
480090290000,A10150029,48‐218 KAMEHAMEHA HWY,2024
480090330000,A10180025,48‐198 KAMEHAMEHA HWY,2027
480100040000,A10160132,48‐241 WAIAHOLE VALLEY RD,2025
480100070000,A10160201,48‐254 KAMEHAMEHA HWY,2025
480110010000,A10170098,48‐235 WAIAHOLE HOMESTEAD RD,2026
480110010000,A10170099,48‐235  WAIAHOLE HOMESTEAD RD,2026
Parcel ID (TMK),Petition Number,Site Address,End Year
480110420000,A10140062,48‐200 WAIAHOLE VALLEY RD,2023
480110480000,A20040963,48‐264 WAIAHOLE VLY RD,2023
480120100000,A10140192,48‐251 WAIAHOLE VALLEY RD,2023
480120210000,A20040869,48‐449 WAIAHOLE VLY S BR RD,2023
480120220000,A10150053,48‐440 WAIAHOLE VLY N BR RD,2024
480120320000,A10150116,48‐435 WAIAHOLE VALLEY RD,2024
480120340000,A10170049,WAIAHOLE VALLEY RD,2026
480120350000,A10140337,WAIAHOLE VALLEY RD,2023
480120360000,A10150186,48‐1797 D WAIAHOLE VALLEY RD,2024
480120380000,A10150026,WAIAHOLE VALLEY S BRANCH RD,2024
480120410000,A20040878,48‐367 WAIAHOLE VALLEY RD,2023
490010010000,A20040525,49‐150 KAMEHAMEHA HWY,2023
490010110000,A20040527,49‐145 KAMEHAMEHA HWY,2023
490010140000,A20040584,49‐139 KAMEHAMEHA HWY,2023
490010180000,A10150151,49‐65 KAMEHAMEHA HWY,2024
490020010000,A20040529,49‐176 KAMEHAMEHA HWY,2023
490020020000,A20040530,KAMEHAMEHA HWY,2023
490020030000,A20040531,KAMEHAMEHA HWY,2023
490020050000,A20040532,KAMEHAMEHA HWY,2023
490030010000,A20040533,49‐275 KAMEHAMEHA HWY,2023
490030140000,A20040536,KAMEHAMEHA HWY,2023
490030150000,A20040537,49‐243 KAMEHAMEHA HWY,2023
490030160000,A20040538,KAMEHAMEHA HWY,2023
490030300000,A10140211,49‐76 JOHNSON RD,2023
490040020000,A20040542,49‐560 KAMEHAMEHA HWY,2023
490040090000,A20040543,KAMEHAMEHA HWY,2023
490050010000,A20040544,49‐586 KAMEHAMEHA HWY,2023
510010010000,A20040545,51‐114  KAMEHAMEHA HWY,2023
510010150000,A20040549,51‐24 KAMEHAMEHA HWY,2023
510010160000,A20040550,51‐22 KAMEHAMEHA HWY,2023
510010230000,A20040551,KAMEHAMEHA HWY,2023
510010240000,A20040552,KAMEHAMEHA HWY,2023
510010250000,A20040553,KAMEHAMEHA HWY,2023
510040010000,A20040554,KAMEHAMEHA HWY,2023
510070020000,A10150150,KAMEHAMEHA HWY,2024
510070030000,AV10150009,KAMEHAMEHA HWY,2024
510090010000,A10150036,51‐188 G KAMEHAMEHA HWY,2024
530010410000,A10100224,53‐106  KAMEHAMEHA HWY,2019
530030010000,A10100226,53‐270  KAMEHAMEHA HWY,2019
530030090000,A10140178,KAMEHAMEHA HWY,2023
530040020000,AV10150001,53‐352 KAMEHAMEHA HWY,2024
530040050000,AV10100001,KAMEHAMEHA HWY,2019
530040060000,A10140179,KAMEHAMEHA HWY,2023
Parcel ID (TMK),Petition Number,Site Address,End Year
530040070000,A10150321,KAMEHAMEHA HWY,2024
530040130000,AV10100002,KAMEHAMEHA HWY,2019
530040180000,A10110147,53‐370 A KAMEHAMEHA HWY,2020
530040180000,AV10100008,53‐370 A KAMEHAMEHA HWY,2019
530040190000,A10110146,KAMEHAMEHA HWY,2020
530040190000,AV10100003,KAMEHAMEHA HWY,2019
530040380000,A10140013,53‐354 KAMEHAMEHA HWY,2023
530050070000,A05160177,53‐374 B KAMEHAMEHA HWY,2020
530050070000,A05160180,53‐374 B KAMEHAMEHA HWY,2020
530050070000,A05160182,53‐374 B KAMEHAMEHA HWY,2020
530050070000,A05160183,53‐374 B KAMEHAMEHA HWY,2020
530050070000,A05160184,53‐374 B KAMEHAMEHA HWY,2020
530050100000,A10170077,53‐416 A KAMEHAMEHA HWY,2026
530050110000,A10140385,53‐416 G KAMEHAMEHA HWY,2023
530050120000,A05160179,KAMEHAMEHA HWY,2020
530050250000,A05160181,KAMEHAMEHA HWY,2020
530050260000,A05160178,KAMEHAMEHA HWY,2020
530050450003,A10150246,53‐416 J KAMEHAMEHA HWY,2024
530050450004,A05170122,53‐416 K KAMEHAMEHA HWY,2021
530050500000,A10140061,53‐416 C KAMEHAMEHA HWY,2023
530050580000,A10090048,53‐412 A KAMEHAMEHA HWY,2018
530060130000,A10150066,KAMEHAMEHA HWY,2024
530060140000,A10150067,53‐532 KAMEHAMEHA HWY,2024
530060150000,A10140213,53‐530  KAMEHAMEHA HWY,2023
530060310000,A05140201,53‐490 W KAMEHAMEHA HWY,2018
530070070001,A05140076,53‐310 A PUNALUU VALLEY RD,2018
530070070003,A10160039,53‐310 C PUNALUU VALLEY RD,2025
530070130000,A20040021,53‐368 PUNALUU VALLEY RD,2023
530070150000,A10140010,53‐350 PUNALUU VALLEY RD,2023
530070180000,A10140180,KAMEHAMEHA HWY,2023
530070190000,A10140181,KAMEHAMEHA HWY,2023
530070200001,A10140011,53‐350 PUNALUU VALLEY RD,2023
530070230000,AV10100011,53‐368 D KAMEHAMEHA HWY,2019
530090230000,A05160240,KAMEHAMEHA HWY,2020
530090670001,A05160053,53‐720 KAMEHAMEHA HWY,2020
530090670002,A05160052,53‐720 KAMEHAMEHA HWY,2020
530090680001,A05160006,53‐772 KAMEHAMEHA HWY,2020
530090690001,A05160124,53‐772 KAMEHAMEHA HWY,2020
530090690002,A05160125,53‐772 KAMEHAMEHA HWY,2020
530090700001,A05160122,53‐772 KAMEHAMEHA HWY,2020
530090710001,A05140084,53 KAMEHAMEHA HWY,2018
530090710002,A05140085,53 KAMEHAMEHA HWY,2018
530090720001,A05140086,53 KAMEHAMEHA HWY,2018
Parcel ID (TMK),Petition Number,Site Address,End Year
530090720002,A05140087,53 KAMEHAMEHA HWY,2018
530090730001,A10140039,53 KAMEHAMEHA HWY,2023
530090740001,A20040854,53 KAMEHAMEHA HWY,2023
530090740002,A20040855,53 KAMEHAMEHA HWY,2023
530090750001,A10160154,53‐64 PUHULI ST,2025
530090750002,A10160241,53‐64 PUHULI ST,2025
530090760001,A10160255,53 KAMEHAMEHA HWY,2025
530090760002,AV10140010,53 KAMEHAMEHA HWY,2023
530090770001,A10160264,53 KAMEHAMEHA HWY,2025
530090770002,AV10140003,53 KAMEHAMEHA HWY,2023
530090780001,A10160271,53 KAMEHAMEHA HWY,2025
530090780002,AV10140008,53 KAMEHAMEHA HWY,2023
530090790001,A10160256,53 KAMEHAMEHA HWY,2025
530090790002,AV10140005,53 KAMEHAMEHA HWY,2023
530090800001,A05140088,53 KAMEHAMEHA HWY,2018
530090800002,A05140089,53 KAMEHAMEHA HWY,2018
530090810001,A05140090,53 KAMEHAMEHA HWY,2018
530090810002,A05140091,53 KAMEHAMEHA HWY,2018
530090820001,A05140092,53 KAMEHAMEHA HWY,2018
530090820002,A05140093,53 KAMEHAMEHA HWY,2018
530090840001,A10110016,53 KAMEHAMEHA HWY,2020
530090840002,A10110017,53 KAMEHAMEHA HWY,2020
530090850001,A10110018,53 KAMEHAMEHA HWY,2020
530090850002,A10110019,53 KAMEHAMEHA HWY,2020
530090860001,A10110020,53 KAMEHAMEHA HWY,2020
530090860002,A10110021,53 KAMEHAMEHA HWY,2020
530090870001,A10180006,53 KAMEHAMEHA HWY,2027
530090870002,A10110015,53 KAMEHAMEHA HWY,2020
530090880001,A05140094,53 KAMEHAMEHA HWY,2018
530090880002,A05140095,53 KAMEHAMEHA HWY,2018
530090890001,A05140096,53 KAMEHAMEHA HWY,2018
530090890002,A05140097,53 KAMEHAMEHA HWY,2018
530090900001,A05140098,53 KAMEHAMEHA HWY,2018
530090900002,A05140099,53 KAMEHAMEHA HWY,2018
530090910001,A05140100,53 KAMEHAMEHA HWY,2018
530090910002,A05140101,53 KAMEHAMEHA HWY,2018
530090920001,A05140102,53 KAMEHAMEHA HWY,2018
530090920002,A05140103,53 KAMEHAMEHA HWY,2018
530090940001,A05140104,53 KAMEHAMEHA HWY,2018
530090940002,A05140105,53 KAMEHAMEHA HWY,2018
530090950001,A05140106,53 KAMEHAMEHA HWY,2018
530090950002,A05140107,53 KAMEHAMEHA HWY,2018
530090960001,A05140108,53 KAMEHAMEHA HWY,2018
Parcel ID (TMK),Petition Number,Site Address,End Year
530090960002,A05140109,53 KAMEHAMEHA HWY,2018
530090970001,A10140073,53‐664 KAMEHAMEHA HWY,2023
530091000001,A05160186,KAMEHAMEHA HWY,2020
530091000002,A05160187,KAMEHAMEHA HWY,2020
530110010000,AV10100017,53‐284 KAMEHAMEHA HWY,2019
530110060000,A20040022,KAMEHAMEHA HWY,2023
530150160000,A10170069,53‐110 HALAI ST,2026
530150250000,A10160170,53‐7 HALAI PL,2025
530150330000,A10160242,53‐97 HALAI ST,2025
530150390000,A10170042,53‐37 HALAI ST,2026
540040200000,A20040853,KAWAIPUNA ST,2023
550010430000,AV10160002,KAMEHAMEHA HWY,2025
550040190000,A10090319,STABLE RD,2018
550040190000,A10090321,STABLE RD,2018
550040190000,A10090344,STABLE RD,2018
550040190000,A10090366,STABLE RD,2018
550040190000,A10090374,STABLE RD,2018
550040190000,AV10090013,STABLE RD,2018
550050010000,A10090341,55‐179 POOHAILI ST,2018
550050010000,A10090361,55‐179 POOHAILI ST,2018
550050010000,A10090368,55‐179 POOHAILI ST,2018
550050010000,AV10090008,55‐179 POOHAILI ST,2018
550050180000,AV10100024,55‐756 WAHINEPEE ST,2019
550050200000,A10090355,56‐4 KAMEHAMEHA HWY,2018
550050200000,AV10090011,56‐4 KAMEHAMEHA HWY,2018
550050210000,A10100110,KAMEHAMEHA HWY,2019
550050210000,A10100231,KAMEHAMEHA HWY,2019
550050210000,A10120202,KAMEHAMEHA HWY,2021
550050220000,A10090369,WAHINEPEE ST,2018
550050220000,A10090370,WAHINEPEE ST,2018
550050220000,AV10090014,WAHINEPEE ST,2018
550050240000,A10090388,KAMEHAMEHA HWY,2018
550050240000,AV10090009,KAMEHAMEHA HWY,2018
550050250000,A10090371,KAMEHAMEHA HWY,2018
550060010000,A10090320,55‐280 KAMEHAMEHA HWY,2018
550060010000,A10090343,55‐280 KAMEHAMEHA HWY,2018
550060010000,A10090362,55‐280 KAMEHAMEHA HWY,2018
550060010000,A10090372,55‐280 KAMEHAMEHA HWY,2018
550060010000,A10090373,55‐280 KAMEHAMEHA HWY,2018
550060010000,A10090377,55‐280 KAMEHAMEHA HWY,2018
550060010000,A10090387,55‐280 KAMEHAMEHA HWY,2018
550060010000,A10090389,55‐280 KAMEHAMEHA HWY,2018
550060010000,A10090390,55‐280 KAMEHAMEHA HWY,2018
Parcel ID (TMK),Petition Number,Site Address,End Year
550060010000,A10090391,55‐280 KAMEHAMEHA HWY,2018
550060010000,A10090392,55‐280 KAMEHAMEHA HWY,2018
550060010000,A10090394,55‐280 KAMEHAMEHA HWY,2018
550060010000,A10110172,55‐280 KAMEHAMEHA HWY,2020
550060010000,AV10090006,55‐280 KAMEHAMEHA HWY,2018
550060100000,AV10160003,KAMEHAMEHA HWY,2025
550060110000,A10090382,KAMEHAMEHA HWY,2018
550060110000,A10090383,KAMEHAMEHA HWY,2018
550060110000,AV10090007,KAMEHAMEHA HWY,2018
550070010000,A10130131,KAMEHAMEHA HWY,2022
550070010000,AV10090012,KAMEHAMEHA HWY,2018
550080010000,A10160257,55‐269 POOHAILI ST,2025
550080010000,AV10160004,55‐269 POOHAILI ST,2025
550080030000,A10170119,WAHINEPEE ST,2026
550080040000,A10170118,WAHINEPEE ST,2026
550080050000,A10170117,WAHINEPEE ST,2026
550080080000,AV10160008,WAHINEPEE ST,2025
550080130000,AV10160009,55‐758 WAHINEPEE ST,2025
550080250000,A10170116,WAHINEPEE ST,2026
550080280000,AV10160011,WAHINEPEE ST,2025
550080490000,AV10140001,KAMEHAMEHA HWY,2023
550080510000,A10160282,KAMEHAMEHA HWY,2025
550080540000,A10160283,KAMEHAMEHA HWY,2025
550080550000,AV10160012,KAMEHAMEHA HWY,2025
550080560000,A10160284,KAMEHAMEHA HWY,2025
550080570000,A10160285,KAMEHAMEHA HWY,2025
550080580000,A10160286,KAMEHAMEHA HWY,2025
550080590000,A10160287,KAMEHAMEHA HWY,2025
550080610000,AV10160013,KAMEHAMEHA HWY,2025
550080630000,A10150236,POOHAILI RD,2024
550080630000,AV10160014,POOHAILI RD,2025
550080640000,AV10160015,POOHAILI ST,2025
560030250000,A20040251,56‐1101 KAMEHAMEHA HWY,2023
560030260000,A10090205,56‐1081 KAMEHAMEHA HWY,2018
560030260000,A10090248,56‐1081 KAMEHAMEHA HWY,2018
560030260000,A10090249,56‐1081 KAMEHAMEHA HWY,2018
560030260000,A10090291,56‐1081 KAMEHAMEHA HWY,2018
560030470000,A10180091,56‐1101 KAMEHAMEHA HWY,2027
560050020001,AV10170011,56‐1080 KAMEHAMEHA HWY,2026
560050020002,AV10170010,56‐1080 KAMEHAMEHA HWY,2026
560050020003,A10170094,56‐1080 KAMEHAMEHA HWY,2026
560050020004,A05180059,56‐1080 KAMEHAMEHA HWY,2022
560050020005,A05180060,56‐1080 KAMEHAMEHA HWY,2022
Parcel ID (TMK),Petition Number,Site Address,End Year
560050050000,A10180024,56‐970 KAMEHAMEHA HWY,2027
560050060000,A10110227,56‐1048 KAMEHAMEHA HWY,2020
560050070000,A10110061,56‐1050 KAMEHAMEHA HWY,2020
560050130000,A10180069,56‐1150 KAMEHAMEHA HWY,2027
560050130000,A10180070,56‐1150 KAMEHAMEHA HWY,2027
560050140000,A10180068,56‐1060 KAMEHAMEHA HWY,2027
560050150000,A10180071,KAMEHAMEHA HWY,2027
560050160000,A10180075,56‐1030 KAMEHAMEHA HWY,2027
560050180000,A10140203,56‐800 KAMEHAMEHA HWY,2023
560060020000,AV10160016,KAMEHAMEHA HWY,2025
560060040000,A05160137,56‐156 KAMEHAMEHA HWY,2020
560060060000,A10090363,56‐350 KAMEHAMEHA HWY,2018
560060060000,A10090364,56‐350 KAMEHAMEHA HWY,2018
560060060000,A10090367,56‐350 KAMEHAMEHA HWY,2018
560060180001,A05160111,56‐452 KAMEHAMEHA HWY,2020
560060180001,A05160112,56‐452 KAMEHAMEHA HWY,2020
560060180001,A05160113,56‐452 KAMEHAMEHA HWY,2020
560060180001,A05160114,56‐452 KAMEHAMEHA HWY,2020
560060180001,A05160115,56‐452 KAMEHAMEHA HWY,2020
560060280000,A10100109,KAMEHAMEHA HWY,2019
560060290000,A10180013,PLANTATION RD,2027
560060300000,A10170043,PLANTATION RD,2026
560060310000,A10180095,PLANTATION RD,2022
560060320000,A20020595,PLANTATION RD,2021
560060330000,A20040904,PLANTATION RD,2023
560060350000,A20030609,PLANTATION RD,2022
560060360000,A10150237,PLANTATION RD,2024
560060370000,A20030605,PLANTATION RD,2022
560060380000,A20040105,PLANTATION RD,2023
560060390000,A20040172,PLANTATION RD,2023
560060400000,A20030607,PLANTATION RD,2022
560060410000,A20030608,PLANTATION RD,2022
560060420000,A10160094,PLANTATION RD,2025
560060430000,A20030612,PLANTATION RD,2022
560060440000,A20030598,PLANTATION RD,2022
560060450000,A20020599,PLANTATION RD,2021
560060460000,A20020600,PLANTATION RD,2021
560060470000,A10160163,PLANTATION RD,2025
560060480000,A20030611,PLANTATION RD,2022
560060490000,A20030613,PLANTATION RD,2022
560060510000,A10170050,PLANTATION RD,2026
560060520000,A20030606,PLANTATION RD,2022
560060560000,A10140202,KAMEHAMEHA HWY,2023
Parcel ID (TMK),Petition Number,Site Address,End Year
560060580000,A10090317,56‐340 KAMEHAMEHA HWY,2018
560060580000,A10090318,56‐340 KAMEHAMEHA HWY,2018
560060580000,A10090365,56‐340 KAMEHAMEHA HWY,2018
560060580000,A10090375,56‐340 KAMEHAMEHA HWY,2018
560060580000,A10090379,56‐340 KAMEHAMEHA HWY,2018
560060580000,A10090386,56‐340 KAMEHAMEHA HWY,2018
560060580000,AV10170025,56‐340 KAMEHAMEHA HWY,2026
560070010000,A10090356,KAMEHAMEHA HWY,2018
560070010000,A10100108,KAMEHAMEHA HWY,2019
560070010000,AV10090005,KAMEHAMEHA HWY,2018
570010070000,A05150101,KUILIMA DR,2019
570010210000,A10160018,57‐91 KAMEHAMEHA HWY,2025
570010390000,A05140265,57‐540 KAMEHAMEHA HWY,2018
570010400000,A05140266,57‐542 KAMEHAMEHA HWY,2018
570010410001,A10160043,57‐548 KAMEHAMEHA HWY,2025
570010410002,A10150068,57‐548 KAMEHAMEHA HWY,2024
570010410003,A05150100,KAMEHAMEHA HWY,2019
570010410004,A05150104,KAMEHAMEHA HWY,2019
570010410005,A05150105,KAMEHAMEHA HWY,2019
570010420001,A10150117,57‐546 KAMEHAMEHA HWY,2024
570010420002,A05150107,KAMEHAMEHA HWY,2019
570010420003,A05150106,KAMEHAMEHA HWY,2019
570010420003,A10180085,KAMEHAMEHA HWY,2027
570010420004,A05160089,57‐546 KAMEHAMEHA HWY,2020
580020040004,A05160127,58‐248 KAMEHAMEHA HWY,2020
580020040005,A05160128,58‐248 KAMEHAMEHA HWY,2020
580020040006,A10150058A,58‐248 KAMEHAMEHA HWY,2024
580020040007,A10150058B,58‐248 KAMEHAMEHA HWY,2024
580020040008,A05160129,58‐248 KAMEHAMEHA HWY,2020
580020040009,A05160130,58‐248 KAMEHAMEHA HWY,2020
580020040010,A05160131,58‐248 KAMEHAMEHA HWY,2020
580040380000,A10140556,58‐121 KAUNALA ST,2023
580050880001,A10140004,58‐348 A KAMEHAMEHA HWY,2023
590050400000,A10170031,59‐680 PUPUKEA RD,2026
590060050000,A05160121,58‐350 KAMEHAMEHA HWY,2020
590060110000,A10110075,KAMEHAMEHA HWY,2020
590060170000,A10170002,59‐268 A KAMEHAMEHA HWY,2026
590060340001,A10130008,59‐178 KAMEHAMEHA HWY,2022
590070060000,A10170058,59‐84 KAHAE RD,2026
590120040000,A10090310,59‐268 KAMEHAMEHA HWY,2018
590130150000,A05180079,59‐208 KAMEHAMEHA HWY,2022
590130210000,A05170005,59‐202 KAMEHAMEHA HWY,2021
590130220000,A05170051,59‐204 KAMEHAMEHA HWY,2021
Parcel ID (TMK),Petition Number,Site Address,End Year
590130230000,A05170114,59‐190 KAMEHAMEHA HWY,2021
590170520000,A10180051,59‐450 ALAPIO RD,2027
590170580000,A10160022,59‐416 ALAPIO RD,2025
590170620000,A10120021,59‐388 ALAPIO RD,2021
590170630000,A05160263,59‐426 WAKA RD,2020
590170740000,A05180054,59‐444 ALAPIO RD,2022
590180210000,A05170087,59‐211 ALAPIO RD,2021
590220070000,A10170161,59‐747 MAULUKUA RD,2026
590220280000,A10170033,59‐720 KAWOA WAY,2026
590250060000,A10170032,59‐744 ALAPIO PL,2026
590250540000,A10090049,59‐468 HOALIKE RD,2018
590250550000,A10100027,59‐675 ALAPIO RD,2019
590250560000,A10100008,59‐669 ALAPIO RD,2019
590250580000,A05170034,59‐657 ALAPIO RD,2021
590250640000,A10170062,59‐415 KAWOWO RD,2026
590250730000,A10100112,59‐402 KAWOWO RD,2019
590260030000,A10140389,59‐480 PUPUKEA RD,2023
590260040000,A10180127,59‐472 PUPUKEA RD,2027
590260060000,A10170059,59‐456 PUPUKEA RD,2026
590260130000,A10170082,59‐526 AUKAUKA RD,2026
590280170000,A10130003,59‐530 PUPUKEA RD,2022
590290040000,A10150190,59‐408 WAKA RD,2024
590290350000,A10130112,59‐90 KAHAE RD,2022
590300140000,A10130095,59‐555 MAKANA RD,2022
590300250000,A10140052,59‐520 MAKANA RD,2023
590300310000,A10140063,59‐453 WILINAU RD,2023
590310230000,A05180053,59‐736 KANALANI PL,2022
590310280000,A05160272,59‐705 PUPUKEA RD,2020
610020010000,AV10170022,KAMEHAMEHA HWY,2026
610020240000,AV10170021,KAMEHAMEHA HWY,2026
610050010000,A10140391,KAWAILOA DR,2023
610050010000,A10160198,KAWAILOA DR,2025
610050010000,AV10150014,KAWAILOA DR,2024
610050010000,AV10170023,KAWAILOA DR,2026
610050090000,A10100028,61‐486  KAMEHAMEHA HWY,2019
610050100000,AV10150015,KAMEHAMEHA HWY,2024
610050200001,A05160042,KAMEHAMEHA HWY,2020
610050200003,A05150169,62‐194 KAWAILOA RD,2019
610050210000,A10100234,62‐196 KAWAILOA DR,2019
610060010000,A10120170,KAMEHAMEHA HWY,2021
610060010000,AV10150016,KAMEHAMEHA HWY,2024
610070010000,A10120171,KAMEHAMEHA HWY,2021
610070010000,AV10150017,KAMEHAMEHA HWY,2024
Parcel ID (TMK),Petition Number,Site Address,End Year
610080240000,A10150028,61‐470 KAMEHAMEHA HWY,2024
620020020000,A05160273,KAMEHAMEHA HWY,2020
620020030000,A10150270,62‐207 G KAWAILOA DR,2024
620020030000,AV10120005,62‐207 G KAWAILOA DR,2021
620020060000,A20040062,62‐203 M LOKOEA PL,2023
620020070000,A05160175,62‐390 JOSEPH P LEONG HWY,2020
620020100000,A10120001,62‐394 JOSEPH P LEONG HWY,2021
620020320000,A10180135,KAMEHAMEHA HWY,2027
620020330000,A10180134,KAMEHAMEHA HWY,2027
620020340000,A10180133,KAMEHAMEHA HWY,2027
620020350000,A10180132,KAMEHAMEHA HWY,2027
620020360000,A10180131,KAMEHAMEHA HWY,2027
620020380000,A10180039,LOKOEA PL,2027
620020390000,A10180038,LOKOEA PL,2027
620020420000,A05160265,62‐380 JOSEPH P LEONG HWY,2020
620020430000,A05160050,KAMEHAMEHA HWY,2020
620020450000,A10160168,KAMEHAMEHA HWY,2025
620020460000,A10160279,KAMEHAMEHA HWY,2025
620020470000,A05160046,KAMEHAMEHA HWY,2020
620030020000,AV10090002,62‐148 LOKOEA PL,2018
620040010000,A10110079,62‐204 H EMERSON RD,2020
620040280000,A10130161,EMERSON RD,2022
620040350000,A10160095,62‐400 JOSEPH P LEONG HWY,2025
620050350000,AV10170020,KAMEHAMEHA HWY,2026
620060060000,AV10170019,66‐420 KAMEHAMEHA HWY,2026
620070070000,A10160025,66‐636 KAMEHAMEHA HWY,2025
620070080000,A10160026,KAMEHAMEHA HWY,2025
620090010000,A10120172,KAMEHAMEHA HWY,2021
620090010000,A10140396,KAMEHAMEHA HWY,2023
620090010000,A10160294,KAMEHAMEHA HWY,2025
620090010000,AV10170024,KAMEHAMEHA HWY,2026
620100010000,A10090295,EMERSON RD,2018
620100010000,A10140397,EMERSON RD,2023
620100010000,A10140398,EMERSON RD,2023
620100010000,A10150269,EMERSON RD,2024
620100010000,AV10150011,EMERSON RD,2024
620100070000,A10110080,62‐204 G EMERSON RD,2020
620100080000,A05170067,62‐125 A EMERSON RD,2021
620100140000,A05160267,62‐185 EMERSON RD,2020
620110010000,A10120173,PLANTATION RD,2021
620110010000,A10140399,PLANTATION RD,2023
620110010000,A10140400,PLANTATION RD,2023
620110010000,AV10150012,PLANTATION RD,2024
Parcel ID (TMK),Petition Number,Site Address,End Year
620110210000,AV10110005,66‐126 KAMEHAMEHA HWY,2020
640010010000,A05160209,64‐486 KAMEHAMEHA HWY,2020
640010010000,A05160210,64‐486 KAMEHAMEHA HWY,2020
640010010000,A05180120,64‐486 KAMEHAMEHA HWY,2022
640010010000,A10170139,64‐486 KAMEHAMEHA HWY,2026
640010010000,AV10180005,64‐486 KAMEHAMEHA HWY,2027
640010050000,AV10170018,KAMEHAMEHA HWY,2026
640020010000,A05160211,PLANTATION RD,2020
640020010000,A05160212,PLANTATION RD,2020
640020010000,A05160213,PLANTATION RD,2020
640030010000,A10140406,64‐1551 KAMEHAMEHA HWY,2023
640030160000,A05150286,64‐1550 KAMEHAMEHA HWY,2019
640030160000,A05160214,64‐1550 KAMEHAMEHA HWY,2020
640030160000,AV10160017,64‐1550 KAMEHAMEHA HWY,2025
640040070000,A05140416,KAMEHAMEHA HWY,2018
640040080000,AV10160018,KAMEHAMEHA HWY,2025
640040110000,A05160215,KAMEHAMEHA HWY,2020
640040110000,A05160216,KAMEHAMEHA HWY,2020
640040110000,A05160217,KAMEHAMEHA HWY,2020
640040110000,A05160218,KAMEHAMEHA HWY,2020
640040110000,A10140414,KAMEHAMEHA HWY,2023
650010100010,A05180094,KAUKOKONAHUA RD,2022
650010100011,A05180139,KAUKOKONAHUA RD,2022
650010100012,A05180140,KAUKOKONAHUA RD,2022
650010100013,A05180141,KAUKOKONAHUA RD,2022
650010100014,A05180093,KAUKOKONAHUA RD,2022
650010100015,A05180142,KAUKOKONAHUA RD,2022
650010100016,A05180143,KAUKOKONAHUA RD,2022
650010100017,A05180144,KAUKOKONAHUA RD,2022
650010100018,A10160176,KAUKOKONAHUA RD,2025
650010100019,A05140217,KAUKOKONAHUA RD,2018
650010100020,A10130094,65‐670 KAUKOKONAHUA RD,2022
650010140000,A05160274,KAUKONAHUA RD,2020
650010140000,A05160275,KAUKONAHUA RD,2020
650010140000,A05180114,KAUKONAHUA RD,2022
650010190000,A05150175,KAUKONAHUA RD,2019
650010210000,A10180126,KAUKONAHUA RD,2027
650010220000,A05150173,65‐665 KAUKONAHUA,2019
650010330001,A10160291,KAUKONAHUA RD,2025
650010330002,A10160292,KAUKONAHUA RD,2025
650010330004,A10140531,KAUKONAHUA RD,2023
650010330008,A10130123,KAUKONAHUA RD,2022
650010330009,A10160293,KAUKONAHUA RD,2025
Parcel ID (TMK),Petition Number,Site Address,End Year
650010400000,A10090277,KAUKONAHUA RD,2018
650010420001,A05160057,65‐384 KAUKONAHUA RD,2020
650010420002,A10160148,65‐384 KAUKONAHUA RD,2020
650010420003,A05160133,65‐384 KAUKONAHUA RD,2020
650010420004,A05160033,65‐381 KAUKONAHUA RD,2020
650010430000,A05150174,KAUKONAHUA RD,2019
650010440000,A05160219,65‐1140 KAUKONAHUA RD,2020
650010440000,A05180115,65‐1140 KAUKONAHUA RD,2022
650010440000,A05180119,65‐1140 KAUKONAHUA RD,2022
650010460000,A10140422,KAUKONAHUA RD,2023
650020030000,A10140079,65‐1031 B KAUKONAHUA RD,2023
650020050000,A05140424,65‐1001 KAUKONAHUA RD,2018
650020050000,A10140423,65‐1001 KAUKONAHUA RD,2023
650020060000,A10140425,KAUKONAHUA RD,2023
650020080000,A10140426,HUKILAU LP,2023
650020110000,A10140427,HUKILAU LP,2023
650020110000,A10140428,HUKILAU LP,2023
650020110000,AV10170017,HUKILAU LP,2026
650020180000,A10140429,KAUKONAHUA RD,2023
650020190000,A10140430,HUKILAU LP,2023
650020220000,A10110003,65‐889 KAUKONAHUA RD,2020
650020240000,A10080108,65‐777 KAUKONAHUA RD,2019
650020260000,A10160084,WILIKINA DR,2025
650020270000,A10090326,HUKILAU LP,2018
650040010000,A10140116,65‐1140 POAMOHO ST,2023
650040020000,A10110044,65‐1110 POAMOHO ST,2020
650040030000,A10090424,65‐1078 POAMOHO ST,2018
650040050000,A10180028,65‐1025 POAMOHO ST,2027
650040050000,AV10180006,65‐1025 POAMOHO ST,2027
650040060000,A10180003,65‐1051 POAMOHO ST,2027
650040070000,A10180044,65‐340 POAMOHO PL,2027
650040080000,A05180096,65‐288 POAMOHO PL,2022
650040090000,A10140053,65‐248 POAMOHO PL,2023
650040100000,A10150109,65‐200 POAMOHO PL,2024
650040110000,A10100132,65‐245 POAMOHO PL,2019
650040120000,A10090425,65‐277 POAMOHO PL,2018
650040140000,A10140431,65‐323 POAMOHO PL,2023
650040150000,A05170113,65‐349 POAMOHO PL,2021
650050010000,A10140432,KAMEHAMEHA HWY,2023
650050030000,A05160226,64‐539 KAMEHAMEHA HWY,2020
650050030000,A05160227,64‐539 KAMEHAMEHA HWY,2020
650050030000,A10140440,64‐539  KAMEHAMEHA HWY,2023
650050040000,A05160228,KAMEHAMEHA HWY,2020
Parcel ID (TMK),Petition Number,Site Address,End Year
650050040000,A05180113,KAMEHAMEHA HWY,2022
650050040000,A10140441,KAMEHAMEHA HWY,2023
650050040000,A10170138,KAMEHAMEHA HWY,2026
650050080000,A10140433,KAMEHAMEHA HWY,2023
650050080000,A10180117,KAMEHAMEHA HWY,2027
650050090000,A05160220,KAMEHAMEHA HWY,2020
650050090000,A05160221,KAMEHAMEHA HWY,2020
650050090000,A05160222,KAMEHAMEHA HWY,2020
650050090000,A05160223,KAMEHAMEHA HWY,2020
650050090000,A05180110,KAMEHAMEHA HWY,2022
660040020000,A05160015,66‐40 AMARA RD,2020
660040260000,A10160034,66‐40 A AMARA RD,2025
660080060000,A10140117,66‐159 ACHIU LN,2023
660080260000,A20040571,66‐386 M HALEIWA RD,2023
660080270000,A20040572,66‐183 ACHIU LN,2023
660090020000,A05160029,ACHIU LN,2020
660090130000,A05160289,66‐193 KAMEHAMEHA HWY,2020
660100010000,A10140278,ACHIU LN,2023
660100030000,A05160028,66‐71 ACHIU LN,2020
660100100000,A05180107,66‐486 KILIOE PL,2022
660120010000,A05180108,HALEIWA RD,2022
660120030000,A10130249,66‐480 HALEIWA RD,2022
660120040000,A10140279,66‐480 HALEIWA RD,2023
660120040000,AV10120002,66‐480 HALEIWA RD,2021
660140040000,AV10170016,66‐18 SMILEY PL,2026
660140060000,A10150268,HALEIWA RD,2024
660140060000,AV10090001,HALEIWA RD,2018
660150030000,A05180031,66‐650 HALEIWA RD,2022
660150040000,A05180032,66‐341 B AUKAI LN,2022
660150060000,A05180034,AUKAI LN,2022
660150070000,A10090145,66‐305 AUKAI LN,2018
660160130000,A10160096,66‐310 AUKAI LN,2025
660200040001,A05150012,66‐219 WAIALUA BEACH RD,2019
660220010000,A05140443,AIEA HTS DR,2018
660220010000,A05140444,AIEA HTS DR,2018
660230030000,A05140445,KAMOOLOA RD,2018
660230030000,A05140446,KAMOOLOA RD,2018
660230030000,A05180118,KAMOOLOA RD,2022
660240010000,A05140447,KAMOOLOA RD,2018
660240010000,A05140448,KAMOOLOA RD,2018
660240010000,A05180116,KAMOOLOA RD,2022
660250010000,A05180104,FARRINGTON HWY,2022
660250020000,A10180043,66‐217 FARRINGTON HWY,2027
Parcel ID (TMK),Petition Number,Site Address,End Year
660250060000,A10180097,KAUPE RD,2027
660250090000,A05180125,FARRINGTON HWY,2022
660270100000,A05160229,66‐603 KAUPE RD,2020
660270100000,A05180106,66‐603 KAUPE RD,2022
660270100000,AV10170015,66‐603 KAUPE RD,2026
660270110000,A10160031,66‐603 KAUPE RD,2025
660280010000,A10130001,66‐1469 KAUKONAHUA RD,2022
660280020000,A10180010,66‐1457 KAUKONAHUA RD,2027
660280030000,A10180052,66‐1453 KAUKONAHUA RD,2027
660280040000,A10120129,66‐1445 KAUKONAHUA RD,2021
660280050000,A10120125,66‐1439 KAUKONAHUA RD,2021
660280060000,A10100044,FARRINGTON HWY,2019
660280070000,A10140003,66‐1425 KAUKONAHUA RD,2023
660280090000,A10160150,FARRINGTON HWY,2025
660280130000,A05140041,66‐1444 KAUKONAHUA RD,2018
660280140000,A10170137,66‐1440 KAUKONAHUA RD,2026
660280150000,A10110078,66‐1450 KAUKONAHUA RD,2020
660280160000,A10110097,66‐1474 KAUKONAHUA RD,2020
660280170000,A10180103,66‐2089 KAUKONAHUA RD,2027
660280220000,A10160259,66‐1380 KAUKONAHUA RD,2025
660280240000,A10180105,66‐1479 KAUKONAHUA RD,2027
660280270002,A10170133,66‐1420 KAUKONAHUA RD,2026
660290110002,A10170168,66‐952 KUEWA DR,2026
670010050000,AV10170014,WAIALUA BEACH RD,2026
670010080000,A05180112,WAIALUA BEACH RD,2022
670010140000,A05160230,WAIALUA BEACH RD,2020
670010260000,A05140452,67‐421 FARRINGTON HWY,2018
670010260000,A05160231,67‐421 FARRINGTON HWY,2020
670010260000,A05180109,67‐421 FARRINGTON HWY,2022
670010260000,AV10170013,67‐421 FARRINGTON HWY,2026
670010340000,A05180111,PUUIKI ST,2022
670010370000,A05160232,GOODALE AVE,2020
670010630000,A05140455,67‐114 KEALOHANUI ST,2018
670010630000,A05160233,67‐114 KEALOHANUI ST,2020
670020060001,A10090201,67‐290 FARRINGTON HWY,2018
670020070000,A10090280,FARRINGTON HWY,2018
670020070000,A10140456,FARRINGTON HWY,2023
670020140000,A05160234,KAHUI ST,2020
670020320000,A10150267,67‐172 FARRINGTON HWY,2024
670020340002,A10170160,67‐290 FARRINGTON HWY,2026
670020340002,AV10160019,67‐290 FARRINGTON HWY,2025
670020340003,A05160152,67‐290 FARRINGTON HWY,2020
670020340004,AV10170012,67‐290 FARRINGTON HWY,2026
Parcel ID (TMK),Petition Number,Site Address,End Year
670020370000,A05160235,67‐150 FARRINGTON HWY,2020
670020380000,A10090200,67‐290 FARRINGTON HWY,2018
670020380000,A10120128,67‐290 FARRINGTON HWY,2021
670020400000,A05160202,67‐150 FARRINGTON HWY,2020
670020410000,A10130164,67‐150 FARRINGTON HWY,2022
670020420000,A10090338A,67‐150 FARRINGTON HWY,2018
670020420000,A10130169,67‐150 FARRINGTON HWY,2022
670020430000,A05140460,67‐150 FARRINGTON HWY,2018
670020440000,A10090338B,67‐150 FARRINGTON HWY,2018
670020450000,AV10150013,67‐150 FARRINGTON HWY,2024
670020460000,A05160236,67‐150 FARRINGTON HWY,2020
670030020000,A05140467,KAHUI ST,2018
670030030000,A10160119,KAHUI ST,2025
670030050000,A05140489,67‐80 FARRINGTON HWY,2018
670030060000,A05140468,KAHUI ST,2018
670030070000,A05140470,KAHUI ST,2018
670030090000,A05140471,KAHUI ST,2018
670030100000,A05140472,KAHUI ST,2018
670030110000,A05140469,KAHUI ST,2018
670030170000,A05140473,KAHUI ST,2018
670030190000,A10160260,67‐76 FARRINGTON HWY,2025
670040010000,A05140474,KEKAUWAY ST,2018
670040040000,A05140475,WAIALUA,2018
670090710000,A05140476,67‐202 KUPAHU ST,2018
680020050000,A05140477,68‐670 FARRINGTON HWY,2018
680020060000,A05140298,FOREST,2018
680030050000,A05140299,68‐434 FARRINGTON HWY,2018
680030060000,A05140300,68‐434 FARRINGTON HWY,2018
680030090000,A05140478,68‐670 FARRINGTON HWY,2018
680030150000,A05140301,FARRINGTON HWY,2018
680030170000,A05140302,68‐539 FARRINGTON HWY,2018
680030190000,A05140303,68‐502 FARRINGTON HWY,2018
680030300000,A05140304,FARRINGTON HWY,2018
680030310000,A05140305,68‐414 FARRINGTON HWY,2018
680030330000,A05140306,FARRINGTON HWY,2018
680030350000,A05140307,FARRINGTON HWY,2018
680030370000,A10090040,68‐411 FARRINGTON HWY,2018
680030400000,A05140308,68‐434 FARRINGTON HWY,2018
680030430000,A10130165,FARRINGTON HWY,2022
680030440000,A10130166,FARRINGTON HWY,2022
680030440000,A10130167,FARRINGTON HWY,2022
680030480000,A10140112,68‐399 FARRINGTON HWY,2023
680030490000,A10110081,68‐395 FARRINGTON HWY,2020
Parcel ID (TMK),Petition Number,Site Address,End Year
680030500000,A10170093,68‐387 FARRINGTON HWY,2026
680060100000,A05140309,KEKAUIWA ST,2018
680060100000,A05160203,KEKAUIWA ST,2020
680060100000,A05160207,KEKAUIWA ST,2020
680060100000,A05160208,KEKAUIWA ST,2020
680060100000,A05160248,KEKAUIWA ST,2020
680060100000,A05160249,KEKAUIWA ST,2020
680060100000,A05160252,KEKAUIWA ST,2020
680070020000,A05150266,FARRINGTON HWY,2019
680070020000,A10130170,FARRINGTON HWY,2022
680070020000,A10130171,FARRINGTON HWY,2022
680070020000,A10130172,FARRINGTON HWY,2022
680070020000,A10130173,FARRINGTON HWY,2022
680070020000,A10130174,FARRINGTON HWY,2022
680070020000,A10140479,FARRINGTON HWY,2023
680070040000,A10140480,FARRINGTON HWY,2023
680070050000,A05160276,FARRINGTON HWY,2020
680130010000,A10170060,68‐359 FARRINGTON HWY,2026
680130040000,A10170100,68‐299 MAHINAAI ST,2026
680130050000,A10140042,68‐285 MAHINAAI ST,2023
680130080000,A05160149,68‐239 MAHINAAI ST,2020
680130090000,A10150241,68‐217 MAHINAAI ST,2024
680130090000,AV10180004,68‐217 MAHINAAI ST,2027
680130100000,A10170079,68‐216 MAHINAAI ST,2026
680130110000,A10150057,68‐240 MAHINAAI ST,2024
680130120000,A20040154,68‐415 KIKOU ST,2023
680130130000,A10140119,68‐682 CROZIER DR,2023
680130160000,A05160049,68‐355 KIKOU ST,2020
680130230000,A05160160,68‐208 OLOHIO ST,2020
680130250000,A10150188,68‐238 OLOHIO ST,2024
680130270000,A10170041,68‐268 OLOHIO ST,2026
680130310000,A05140264,68‐330 OLOHIO ST,2018
680130320000,A10160102,68‐346 OLOHIO ST,2025
680130330000,A10180026,68‐360 OLOHIO ST,2027
680130360000,A20040628,68‐406 OLOHIO ST,2023
680130370000,A20040092,68‐420 OLOHIO ST,2023
680130380000,A10160139,68‐419 OLOHIO ST,2025
680130420000,A10120002,68‐355 OLOHIO ST,2021
680130440000,A10140287,68‐311 OLOHIO ST,2023
680130450000,A10140048,68‐286 KIKOU ST,2023
680130470000,A10170011,68‐326 KIKOU ST,2026
680130490000,A10170080,68‐356 KIKOU ST,2026
680130500000,A10170081,68‐370 KIKOU ST,2026
Parcel ID (TMK),Petition Number,Site Address,End Year
680130510000,A10140078,68‐386 KIKOU ST,2023
680130520000,A10160162,68‐400 KIKOU ST,2025
680130530000,A20040153,68‐416 KIKOU ST,2023
680130540000,A10140194,68‐434 KIKOU ST,2023
680130550000,A10140231,68‐450 KIKOU ST,2023
680130560000,A10140483,68‐300 MAHINAAI ST,2023
680130600000,A10130021,68‐285 OLAO PL,2022
680130610000,A05170097,68‐265 OLAO PL,2021
680130620000,A10140484,68‐255 OLAO PL,2023
680130640000,A10180072,68‐262 OLAO PL,2027
680130650000,A10180023,68‐284 OLAO PL,2027
680130660002,A10150096,68‐700 CROZIER DR,2024
680130660003,A10140080,68‐770 CROZIER DR,2023
680130660004,A10140081,68‐770 CROZIER DR,2023
680130660005,A20040155,68‐770 CROZIER DR,2023
680130660006,A10140526,68‐770 CROZIER DR,2023
710010070000,A10180090,KAMEHAMEHA HWY,2027
710010110077,A10150122,71‐45 KAMEHAMEHA HWY,2024
710010270000,A10130016,WHITMORE AVE,2022
710010360000,AV10100029,WILIKINA DR,2019
710010370000,A10160085,WILIKINA DR,2025
710010380000,A10130015,700  WHITMORE AVE,2022
710020040001,A10180040,WHITMORE AVE,2027
710020060000,AV10160021,912 HANAU ST,2025
710020340000,AV10160020,WHITMORE AVE,2025
730070010000,A05160277,152  LAKEVIEW CIR,2020
730180590000,A10120126,61  LAUONE LOOP,2021
750110010000,A10170131,1895  EAMES ST,2026
830010050000,A10150200,83‐202 FARRINGTON HWY,2024
830010060000,A10150201,83‐202 FARRINGTON HWY,2024
830020080000,A10110176,83‐572 FARRINGTON HWY,2020
840220060000,A10110041,84‐1044  KAULAWAHA RD,2020
840220080000,A10160104,84‐980  KAULAWAHA RD,2025
850030090000,A10140241,WAIANAE VALLEY RD,2023
850030180000,A10160200,85‐580 E WAIANAE VALLEY RD,2025
850030190000,A10130060,85‐576 B1 WAIANAE VALLEY RD,2022
850030290000,A10140242,WAIANAE VALLEY RD,2023
850030420000,A05140074,85‐576 WAIANAE VALLEY RD,2018
850030430000,A05140246,85‐580 WAIANAE VALLEY RD,2018
850040040000,A10100026,85‐1383 C WAIANAE VALLEY RD,2019
850040100000,A10170018,85‐965 WAIANAE VALLEY RD,2026
850040120000,A10140338,85‐1279 WAIANAE VALLEY RD,2023
850040180000,A10170003,85‐1177  WAIANAE VALLEY RD,2026
Parcel ID (TMK),Petition Number,Site Address,End Year
850040190000,A20040120,85‐1490  WAIANAE VALLEY RD,2023
850040200001,A10140550,85‐1330 H WAIANAE VALLEY RD,2023
850040200002,A10140551,85‐1330 K WAIANAE VALLEY RD,2023
850040200003,A10140548,85‐1330 H WAIANAE VALLEY RD,2023
850040200004,A10140549,85‐1330 H WAIANAE VALLEY RD,2023
850040210001,A10140547,85‐1330 E WAIANAE VALLEY RD,2023
850040210002,A10140546,85‐1330 E‐1 WAIANAE VALLEY RD,2023
850040230000,A10142019,85‐1284 WAIANAE VALLEY RD,2023
850040250000,A20040319,85‐1186  WAIANAE VALLEY RD,2023
850040350000,A10170017,85‐877  WAIANAE VALLEY RD,2026
850040420000,A10170004,85‐969 WAIANAE VALLEY RD,2026
850040550000,A10140339,85‐1344  WAIANAE VALLEY RD,2023
850040560000,A20040001,85‐1330 D WAIANAE VALLEY RD,2023
850040650000,A10170019,WAIANAE VALLEY RD,2026
850040890000,A10100140,85‐1373 A WAIANAE VALLEY RD,2019
850040950000,A10140137,85‐1570 B WAIANAE VALLEY RD,2023
850040990000,A10140340,85‐1330 C1 WAIANAE VALLEY RD,2023
850041010000,A10140138,85‐1570 WAIANAE VALLEY RD,2023
850041020000,A10140136,85‐1570 A WAIANAE VALLEY RD,2023
850050090000,A05160142,85‐1710 HALEAHI RD,2020
850050330000,A05140145,85‐1636 HALEAHI RD,2018
850190140000,A10140148,85‐485 C WAIANAE VALLEY RD,2023
850190160000,A10090195,85‐485 D WAIANAE VALLEY RD,2018
850190170000,A20040122,85‐695 WAIANAE VALLEY RD,2023
850190190000,A05140047,85‐775 A WAIANAE VALLEY RD,2018
850190200000,A10150155,85‐781 WAIANAE VALLEY RD,2024
850190220000,A10140077,85‐775 B WAIANAE VALLEY RD,2023
850190280000,A05140114,85‐779 WAIANAE VALLEY RD,2018
850190380000,A20040488,85‐772 WAIANAE VALLEY RD,2023
850190390000,A10180022,85‐760 WAIANAE VALLEY RD,2027
850190440000,A10140258,85‐620 WAIANAE VALLEY RD,2023
850190450000,A10140495,85‐610 WAIANAE VALLEY RD,2023
850190460000,A10140341,85‐596 WAIANAE VALLEY RD,2023
850190530000,A10150158,85‐538 WAIANAE VALLEY RD,2024
850190550000,A10090323,85‐480 WAIANAE VALLEY RD,2018
850190770000,A10140176,85‐443 WAIANAE VALLEY RD,2023
850190780000,A05140113,85‐779 B WAIANAE VALLEY RD,2018
850190790000,A10060148B,WAIANAE VALLEY RD,2018
850340030000,A20040024,85‐511 PILIUKA PL,2023
850340040000,A10150243,85‐429 PILIUKA PL,2024
850340070000,A10150062,85‐362 PILIUKA PL,2024
850340080000,A10150227,85‐406 PILIUKA PL,2024
850340100000,A10180020,85‐508 PILIUKA PL,2027
Parcel ID (TMK),Petition Number,Site Address,End Year
850340110000,A10180019,85‐552 PILIUKA PL,2027
860030050000,A10150156,86‐509 HALONA RD,2024
860030190000,A10140044,86‐280 KUWALE RD,2023
860030200000,A10120080,86‐809 PUUHULU RD,2021
860030210000,A10090312,86‐310 KUWALE RD,2018
860030290000,A10140257,86‐256 KUWALE RD,2023
860030550000,A10110014,86‐310 C KUWALE RD,2020
860040010000,A10160003,86‐236 KUWALE RD,2025
860050010000,A20040133,86‐854  LUALUALEI HMSTD RD,2023
860050020000,A10140496,86‐824 LUALUALEI HMSTD RD,2023
860050030000,A10150024,86‐446 KUWALE RD,2024
860050080000,A05140554,86‐344 KUWALE RD,2018
860050090000,A20040132,86‐842 LUALUALEI HMSTD RD,2023
860060030000,A10160243,86‐418 PUHAWAI RD,2025
860060040000,A10170009,86‐408 PUHAWAI RD,2026
860060090000,A10150120,86‐412 PUHAWAI RD,2024
860070010000,A10140193,86‐339 KUWALE RD,2023
860070070000,A10170088,86‐325 KUWALE RD,2026
860070320000,A10140555,86‐355  KUWALE RD,2023
860070400000,A20040627,86‐603 PUUHULU RD,2023
860070410000,A10160044,86‐615 PUUHULU RD,2025
860070450000,A10140497,KUWALE RD,2023
860080050000,A20040785,86‐215 KUWALE RD,2023
860080070000,A20040118,86‐253  KUWALE RD,2023
860080080000,A10180021,86‐730 PUUHULU RD,2027
860080230000,A10090023,86‐620 PUUHULU RD,2018
860080280000,A20040784,86‐231 KUWALE RD,2023
860090060000,A10090007,86‐151 KUWALE RD,2018
860090070001,A10150054,86‐119 KUWALE RD,2024
860090070001,AV10150003,86‐119 KUWALE RD,2024
860090140000,A20040053,86‐659 PAHEEHEE RD,2023
860090150000,A10160027,86‐116 A PUHAWAI RD,2025
860090170000,A10090329,86‐116 PUHAWAI RD,2018
860100060000,A10170014,86‐550 HALONA RD,2026
860100110000,A10140045,86‐504 B HALONA RD,2023
860100120000,A05160101,86‐507 PUUHULU RD,2020
860100160000,A10160116,86‐524 C HALONA RD,2025
860100170000,A10140156,86‐535 PUUHULU RD,2023
860100270000,A10180083,86‐564 HALONA RD,2027
860100390000,A10180081,86‐453 PUUHULU RD,2027
860100410000,A10150160,86‐459 PUUHULU RD,2024
860100430000,A10150161,86‐361 OHEMAUKA PL,2024
860110070000,A10170037,86‐404 HALONA RD,2026
Parcel ID (TMK),Petition Number,Site Address,End Year
860110110000,A10140046,86‐440  HALONA RD,2023
860120010000,A10160086,86‐431  HALONA RD,2025
860120040000,A10140160,86‐347  HALONA RD,2023
860130030000,A05170057,86‐379 LUALUALEI HMSTD,2021
860190020000,A10170073,86‐203 PUHAWAI RD,2026
860190390000,A10110096,86‐569 PAHEEHEE RD,2020
860240010000,A10170013,86‐223 PUHAWAI RD,2026
860240030000,A10150014,86‐243 PUHAWAI RD,2024
860240050000,A10180036,86‐469 PAHEEHEE RD,2027
860240070000,A05160141,86‐449 PUUHULU RD,2020
860240110000,A10140263,86‐530 PUUHULU RD,2023
860240120000,A20040016,86‐536 PUUHULU RD,2023
870030090000,A10170015,87‐230 KULAAUPUNI ST,2026
870030290000,A05140032,87‐201 PAAKEA RD,2018
870030580000,A20040034B,87‐250 KULAAUPUNI ST,2023
870030680000,A05140031,87‐251 A PAAKEA ST ST,2018
870100200000,A10140054,KULAWAE ST,2023
870180020000,A10140286,ILIILI RD,2023
870180040000,A10140118,87‐1087 APUUPUU RD,2023
870180060000,A10140009,87‐1050 PAPAYA RD,2023
870180090000,A05150244,87‐711 KAUKAMA RD,2019
870180120000,A20040648,87‐549 KAUKAMA RD,2023
870180130000,A20040123,87‐519 KAUKAMA RD,2023
870180160000,A10140342,87‐550 KAUKAMA RD,2023
870180180000,A05160171,87‐630 KAUKAMA RD,2020
870180220000,A05180002,87‐768 KAUKAMA RD,2022
870180240000,A10140343,87‐911 PAAKEA RD,2023
870180250000,A10140344,87‐910  PAPAYA RD,2023
870180320000,A10140345,87‐897 APUUPUU RD,2023
870180340000,A10140005,87‐902 PAPAYA RD,2023
870180410000,A10160169,87‐911 APUUPUU RD,2025
870180510000,A10140346,87‐730 KAUKAMA RD,2023
870180550000,A10170125,87‐1149 PAAKEA RD,2026
870180580000,A05160288,87‐801 ILIILI RD,2020
870180610000,A20040332,87‐1059 PAPAYA RD,2023
870190030000,A10160051,87‐1161 HAKIMO RD,2025
870190070000,A05140075,87‐1029 HAKIMO RD,2018
870190080000,A20040585,87‐979 HAKIMO RD,2023
870190100000,A10140056,87‐929 HAKIMO RD,2023
870190110001,A10140499,87‐680 HAKIMO RD,2023
870190240000,A10110108,87‐1155 ILIILI RD,2020
870190270000,A10140248,87‐1055 ILIILI RD,2023
870190290000,A10140500,87‐992 F HAKIMO RD,2023
Parcel ID (TMK),Petition Number,Site Address,End Year
870190320000,A10160011,87‐965 ILIILI RD,2025
870190420000,A10090311,87‐737 ILIILI RD,2018
870190480000,A10140147,87‐1360 PAAKEA RD,2023
870190540000,A05140198,87‐1501 PAAKEA RD,2018
870190560000,A20040253,87‐828 HAKIMO RD,2023
870190590000,A05140149,87‐1454 PAAKEA RD,2018
870210010000,A10170089,87‐1550 PAAKEA RD,2026
870210050000,A10140200,87‐769 HAKIMO RD,2023
870210060000,A10160040,87‐1530 KUUALOHA RD,2025
870210080000,A05140262,87‐665 HAKIMO RD,2018
870210200000,A10170075,87‐1660 ULEHAWA RD,2026
870210210000,A20040574,87‐475 HAKIMO RD,2023
870210220000,A05140501,87‐1567 ULEHAWA RD,2018
870210400000,A10170157,87‐739 HAKIMO RD,2026
870210410000,A10140158,87‐759  HAKIMO RD,2023
870210430000,A10170124,87‐675 HAKIMO RD,2026
870210450000,A10140197,87‐797 HAKIMO RD,2023
870220160000,A20040477,87‐1550 KANAHALE RD,2023
910100020000,A05160060,FORT WEAVER RD,2020
910100100000,A05140253,FORT WEAVER RD,2018
910100140000,A05140254,FORT WEAVER RD,2018
910100150000,A05140255,FORT WEAVER RD,2018
910100160000,A05140256,EAST‐WEST LOCK ACCES,2018
910140420000,A05160074,91‐400 MALAKOLE ST,2020
910140420000,A05160075,91‐400 MALAKOLE ST,2020
910150050000,A05160073,91‐40 FARRINGTON HWY,2020
910150170000,A05160076,91‐101 FARRINGTON HWY,2020
910160080000,A05160107,FARRINGTON HWY,2020
910170620000,A10140502,91‐2230 OLD FORT WEAVER RD,2023
910171250000,AV10150018,91‐2002 C FORT WEAVER RD,2024
910171380000,A05160062A,91‐1821 FORT WEAVER RD,2020
910171400000,A05160061,91‐1821 FORT WEAVER RD,2020
910171400000,A05160062B,91‐1821 FORT WEAVER RD,2020
910171400000,A05160063,91‐1821 FORT WEAVER RD,2020
910180070000,A05160106,FARRINGTON HWY,2020
910180080000,A05160105,FARRINGTON HWY,2020
910180090000,A05160068B,FARRINGTON HWY,2020
910180100000,A05160066,FARRINGTON HWY,2020
910180100000,A05160067,FARRINGTON HWY,2020
910180100000,A05160068A,FARRINGTON HWY,2020
910180100000,A05160069,FARRINGTON HWY,2020
910180120000,A05160070,FARRINGTON HWY,2020
910180140000,A05160108,FARRINGTON HWY,2020
Parcel ID (TMK),Petition Number,Site Address,End Year
920010010000,A10180056,94‐520 KUNIA RD,2027
920010020000,A05140310,94‐963 KUNIA RD,2018
920010020000,A05140311,94‐963 KUNIA RD,2018
920010050000,A10090052,KUNIA RD,2018
920010110000,A10170155,94‐880 KUNIA RD,2026
920010110000,A10180137,94‐880 KUNIA RD,2027
920020080000,A05160071,KUNIA RD,2020
920040020000,A10160081,FARRINGTON HWY,2025
920040030000,A05160099,FARRINGTON HWY,2020
920040060000,A05160097,94‐880 KUNIA RD,2020
920040070000,A10160082,94‐1011 KUNIA RD,2025
920040080000,A05170092,KUNIA RD,2021
920040090000,A10180055,KUNIA RD,2027
920040100000,A10120127,KUNIA RD,2021
920040110000,A05160100,KUNIA RD,2020
920040120000,A05160098,FARRINGTON HWY,2020
920040130010,AV10170002,94‐1100 KUNIA RD,2026
920040130014,A10160038,94‐1100 KUNIA RD,2025
920040130018,A10160117,94‐1100 KUNIA RD,2025
920040130021,A10160088,94‐1100 KUNIA RD,2025
920040130025,A05160012,94‐1100 KUNIA RD,2020
920040130029,AV10170003,94‐1100 KUNIA RD,2026
920040130045,A10160118,94‐1100 KUNIA RD,2025
920040130047,AV10170004,94‐1100 KUNIA RD,2026
920040130054,A10160045,94‐1100 KUNIA RD,2025
920040130058,A10160278,94‐1100 KUNIA RD,2025
920040130062,A05160007,94‐1100 KUNIA RD,2020
920040130065,A10170128,94‐1100 KUNIA RD,2026
920040130071,AV10170005,94‐1100 KUNIA RD,2026
920040130075,A10170039,94‐1100 KUNIA RD,2026
920040130088,AV10170006,94‐1100 KUNIA RD,2026
920040130089,A10160134,94‐1100 KUNIA RD,2025
920040130094,A10170120,94‐1100 KUNIA RD,2026
920040130095,A10150248,94‐1100 KUNIA RD,2024
920040130099,AV10170007,94‐1100 KUNIA RD,2026
920050010000,AV10090003,92‐1745 KUNIA RD,2018
920050040000,AV10120001,KUNIA RD,2021
920050220000,A10110129,92‐1700 KUNIA RD,2020
920050220000,AV10090004,92‐1700 KUNIA RD,2018
920050230001,A10120200,92‐1700  KUNIA RD,2021
920050230007,A10120201,92‐1700  KUNIA RD,2021
920050230014,AV10120006,92‐1700  KUNIA RD,2021
920190950000,A10140503,92‐2171 KULIHI ST,2023
Parcel ID (TMK),Petition Number,Site Address,End Year
920430070000,A05160078,FARRINGTON HWY,2020
920430100000,A05160077,FARRINGTON HWY,2020
920450060000,A05140315,FARRINGTON HWY,2018
920450070000,A05140313A,FARRINGTON HWY,2018
920490100000,A05160145,FARRINGTON HWY,2020
920490110000,A05160146,HUNEKAI ST,2020
920490130000,A05140313B,FARRINGTON HWY,2018
920490130000,A05160147,FARRINGTON HWY,2020
920500010000,A05160079,FARRINGTON HWY,2020
920500030000,A05160080,FARRINGTON HWY,2020
940020520000,A05170126,94‐761 KUPUNA LP,2021
940030010000,A05140316,94‐2101 E KUNIA RD,2018
940030010000,A05140317,94‐2101 E KUNIA RD,2018
940030010000,A05140318,94‐2101 E KUNIA RD,2018
940030020000,A10160261,KUNIA RD,2025
940030030000,A05140322,94‐649 LANIKUHANA AVE,2018
940030040000,A05140324,KUNIA RD,2018
940030070000,A10170040,KUNIA RD,2026
940040020000,A05140319,KUNIA RD,2018
940040020000,A05140320,KUNIA RD,2018
940040030000,A05140321,KUNIA RD,2018
940040040000,A05140323,KUNIA RD,2018
940040050000,AV10120004,KUNIA RD,2021
940040070000,A05140325,KUNIA RD,2018
940040080000,A05140326,KUNIA RD,2018
940040090000,A10160083,94‐405 KUNIA RD,2025
940040100000,A05140327,KUNIA RD,2018
940040110000,A05140328,KUNIA RD,2018
940040120000,A05140329,KUNIA RD,2018
940040180000,A05140330,KUNIA RD,2018
940040190000,A05140331,94‐2101 KUNIA RD,2018
940050100000,A10140205,94‐424 KAMEHAMEHA HWY,2023
940050520002,A10140191,94‐50 KAMEHAMEHA HWY,2023
940050520008,A10140218,94‐50 KAMEHAMEHA HWY,2023
940050690000,A10180062,94‐415 MAKAPIPIPI ST,2027
940050900000,A05160191,94‐415 MAKAPIPIPI ST,2020
940050910000,A05160192,94‐415 MAKAPIPIPI ST,2020
940050920000,A05160193,94‐415 MAKAPIPIPI ST,2020
940050950000,A05160036,94‐415 MAKAPIPIPI ST,2020
940050960000,A05160194,94‐415 MAKAPIPIPI ST,2020
940050970000,A05160195,94‐415 MAKAPIPIPI ST,2020
940060290000,A05160204,KAMEHAMEHA HWY,2020
940060370000,AV10170029,96‐1088 WAIHONA ST,2026
Parcel ID (TMK),Petition Number,Site Address,End Year
940060400000,A05160239,MILILANI MEMORIAL PARK,2020
940120020000,A10160109,KUNIA RD,2025
950020030000,A05160268,77‐808 KAMEHAMEHA HWY,2020
950020620000,A05140067,95‐1211 KAPANOE ST,2018
950030070000,A05160205,KAMEHAMEHA HWY,2020
950030090000,A05160224,KAMEHAMEHA HWY,2020
950030100000,A05160290,95‐1800  MEHEULA PKWY,2020
950030110000,A05160206,KAMEHAMEHA HWY,2020
950030110000,A05160246,KAMEHAMEHA HWY,2020
950030110000,A05160250,KAMEHAMEHA HWY,2020
950030110000,A05160251,KAMEHAMEHA HWY,2020
950030140000,A05160225,KAMEHAMEHA HWY,2020
950030140000,A05160247,KAMEHAMEHA HWY,2020
950030170000,A05160196,KAMEHAMEHA HWY,2020
950030180000,A05160197,94‐1230 KA UKA BLVD,2020
960020120000,AV10100021,WAIAWA RD,2019
960020280000,AV10100020,WAIAWA RD,2019
960020370000,A05150320,WAIAWA RD,2019
960030250000,AV10100022,WAIAWA RD,2019
960030260000,A05150264,96‐121 WAIAWA RD,2019
960030280000,A05150263,96‐79 WAIAWA RD,2019
960030300000,AV10150020,96‐55 B WAIAWA RD,2024
960030310000,A05150262,WAIAWA RD,2019
960030320000,A05150261,WAIAWA RD,2019
960030330000,A05150260,WAIAWA RD,2019
960030350000,AV10150021,96‐39 WAIAWA RD,2024
960030370000,A05150259,96‐23 WAIAWA RD,2019
960030380000,A05140522,96‐3 WAIAWA RD,2018
960040210000,A05160238,WAIAWA PRISON RD,2020
960040240000,A05160164,96‐1110 WAIHONA ST,2020
960040300000,AV10100012,WAIHONA ST,2019
960050030000,A05160165,94‐1340 KA UKA BLVD,2020
960050030000,A05160166,94‐1340 KA UKA BLVD,2020
980160590000,A10170104,KAMEHAMEHA HWY,2026
