Parcel ID (TMK),Petition Number,Site Address
220270390000,A10140066,2854 BOOTH RD
270350750000,A10140353,2842 DATE ST
320641100000,A05140356,4141 MALAPUA PL
340210010001,A20040578,2801 LA I RD
340210010003,A20040266,2801 LA I RD
340210010004,A20040579,2801 LA I RD
340210060000,A10050291,3115 LA I RD
340210080000,A10140354,2878 LA I RD
340210100000,A10140140,2759 LA I RD
340210120000,A10140355,2801 G LA I RD
340210130000,A20040271,2801 H LA I RD
340210140000,A10140332,2801 P LA I RD
340210160000,A10140214,3029 LA I RD
340210190000,A10140357,3140 LA I RD
340210200000,A10140162,3152 LA I RD
340210210000,A10130159,3159 LAI RD
340210230000,A10140068,2801 J LA I RD
340210250001,A20040876,2801 M LA I RD
340210250002,A20040524,2801 M1 LA I RD
340210310000,A10050388,3040 LA I RD
340210340000,A10090054,2801 Q LA I RD
340210350000,A10140215,3035 LA I RD
340210460000,A10070093,2809 A1 LA I RD
340210460000,A10070093,2809 A1 LA I RD
390050200000,A10100161,587 PAKALA ST
390050220000,A10100160,577 PAKALA ST
390050340000,A10100227,459 PAKALA ST
390050440000,A10120169,566 PAKALA ST
390050480000,A10100007,523 PAKALA ST
390190030000,A10090158,868 KAMILONUI PL
390190030000,AV10110002,868 KAMILONUI PL
390190040000,A10130108,888 KAMILONUI PL
390190040000,AV10110001,888 KAMILONUI PL
390190050000,A10070105,898 KAMILONUI PL
390190060000,A10070106,908 KAMILONUI PL
390190070000,A10070101,918 KAMILONUI PL
390190080000,A10070102,928 KAMILONUI PL
390190090000,A10070091,938 KAMILONUI PL
390190100000,A10070108,948 KAMILONUI PL
390190110000,A10070121,958 KAMILONUI PL
390190120000,A10070120,968 KAMILONUI PL
390190130000,A10070065,978 KAMILONUI PL
390190150000,A10070391,965 KAMILONUI PL
Parcel ID (TMK),Petition Number,Site Address
390190160000,A10070316B,955 KAMILONUI PL
390190170000,A10070316A,945 KAMILONUI PL
390190180000,A05120205,935 KAMILONUI PL
390190190000,A05120206,925 KAMILONUI PL
390190200000,A10120024,915 KAMILONUI PL
390190210000,A10070028,905 KAMILONUI PL
390190220000,A05120068,895 KAMILONUI PL
390190230000,A10120167,865 KAMILONUI PL
390190240000,A10120168,855 KAMILONUI PL
390190250000,A10070060,7460 HAWAII KAI DR
410080450000,A10120130,KULAIWI ST
410080460000,A10120181,HILU ST
410080540000,A20040644A,41‐1800 KALANIANAOLE HWY
410080590000,A20040644B,41‐1800 KALANIANAOLE HWY
410080760000,A10140358,41‐131 KULAIWI ST
410080790000,A20040171,41‐254 KULAIWI ST
410092660000,A10140146,41‐245 HIHIMANU ST
410100030000,A10050216,41‐909 MAHAILUA ST
410100040000,A20040099,41‐879 MAHAILUA ST
410100050000,A10070053,41‐855 MAHAILUA ST
410100060000,A10050390,41‐825 MAHAILUA ST
410100080000,A10080080,41‐928 KAKAINA ST
410100130000,A10090005,41‐936 KAKAINA ST
410100220000,A10140359,41‐964 KAKAINA ST
410100290000,A10070396,41‐1020 KAKAINA ST
410100300000,A10140349,41‐1023 KAKAINA ST
410100310000,A05140033,41‐1019 KAKAINA ST
410100340000,A10140187,41‐951 KAKAINA PL
410100370000,A10140360,41‐954 KAKAINA PL
410100380000,A10140528,41‐984 KAKAINA PL
410100390000,A10140529,41‐1009 KAKAINA ST
410100400000,A10130115,41‐977 KAKAINA ST
410100410000,A10070063,41‐955 KAKAINA ST
410100420000,A10050380,41‐937 KAKAINA ST
410100430000,A10070057,41‐921 KAKAINA ST
410100440000,A10100037,41‐910 WAIKUPANAHA ST
410100590000,A20040286,41‐978 WAIKUPANAHA ST
410100630000,A20040061,41‐1100 WAIKUPANAHA ST
410100640000,A10070355,41‐1143 WAIKUPANAHA ST
410100670000,A10060048,41‐1160 WAIKUPANAHA ST
410100700000,A10070127,41‐1020 WAIKUPANAHA ST
410100880000,A10140274,41‐1040 WAIKUPANAHA ST
410101040000,A10070066,WAIKUPANAHA ST
Parcel ID (TMK),Petition Number,Site Address
410130030000,A10090004,KALANIANAOLE HWY
410130170000,A10140373,KALANIANAOLE HWY
410130320000,A10060275,KALANIANAOLE HWY
410180130000,A10070048,41‐571 FLAMINGO ST
410180140000,A10070156,41‐565 FLAMINGO ST
410180150000,A10080015,41‐551 FLAMINGO ST
410180160000,A05140277,41‐545 FLAMINGO ST
410180220000,A10100043,41‐655 KUMUHAU ST
410180290000,A10070115,41‐659 H KUMUHAU ST
410180340000,A10050354,41‐659 G KUMUHAU ST
410180360000,A10140361,41‐659 F KUMUHAU ST
410180400000,A10070025,41‐641 KUMUHAU ST
410180470000,A10070024,KUMUHAU ST
410240110000,A05110152,41‐849 WAIKUPANAHA ST
410240120000,A10070281,41‐860 KAKAINA ST
410240130000,A10070282,41‐860 KAKAINA ST
410240130000,A10070283,41‐860 KAKAINA ST
410240140000,A10070284,41‐860 KAKAINA ST
410240140000,A10070285,41‐860 KAKAINA ST
410240180000,A10140057,41‐821 WAIKUPANAHA ST
410240200000,A10100192,41‐756 MAHAILUA ST
410240210000,A10070100,41‐710 MAHAILUA ST
410240220000,A10140552,41‐732 KAKAINA ST
410240230000,A10070312,41‐668 KAKAINA ST
410240240000,A10070341,41‐656 KAKAINA ST
410240250000,A10070380,41‐639 KAULUKANU ST
410240280000,A20040236,41‐712 MOOIKI ST
410240290000,A10070039,41‐723 KAULUKANU ST
410240300000,A10140190,41‐730 MOOIKI ST
410240310000,A10070314,41‐717 WAIKUPANAHA ST
410240320000,A20040030,41‐760 KAULUKANU ST
410240340000,A10080044,41‐650 KAULUKANU ST
410240350000,A05140297,41‐520 HIHIMANU ST
410240360000,A10140348,41‐635 MOKULAMA ST
410240370000,A10140532,41‐679 MOKULAMA ST
410240380000,A10140533,MOKULAMA ST
410240390000,A05110082,41‐709 MOKULAMA ST
410240400000,A05110083,MOKULAMA ST
410240410000,A10070351,41‐715 MOKULAMA ST
410240420000,A10050381A,41‐659 WAIKUPANAHA ST
410240450000,A10140537,41‐555 WAIKUPANAHA ST
410240460000,A01140362,41‐540 MAKAKALO ST
410240470000,A10070208,41‐741 AHIKI ST
Parcel ID (TMK),Petition Number,Site Address
410240480000,A10110197,41‐502 MAKAKALO ST
410240500000,A10130004,41‐539 MAKAKALO ST
410240510000,A10130005,41‐569 MAKAKALO ST
410240520000,A10130006,MAKAKALO ST
410240530000,A10130007,41‐587 MAKAKALO ST
410240540000,A05120072,41‐670 MOKULAMA ST
410240550000,A10070350,41‐630 MOKULAMA ST
410240570000,A05110196,41‐486 HIHIMANU ST
410240590000,A05120073,41‐464 HIHIMANU ST
410240600000,A10070179,41‐450 HIHIMANU ST
410240610000,A10140363,41‐450 HIHIMANU ST
410240620000,A10070055,41‐436 HIHIMANU ST
410240630000,A10070056,AHIKI ST
410240640000,A10140120,41‐629 AHIKI ST
410240650000,A01140037,41‐426 HIHIMANU ST
410240760000,A05140350,KAKAINA ST
410240780000,A10140159,41‐669 AHIKI ST
410240790000,A10140364,41‐708 KAKAINA ST
410240800000,A10140365,41‐769 MAHAILUA ST
410240810000,A10140002,41‐770 MAHAILUA ST
410240840000,A20040029,41‐730 KAULUKANU ST
410240850000,A10130158,41‐759 KAULUKANU ST
410240860000,A10140049,41‐755 KAULUKANU ST
410240870000,A20040043,41‐745 KAULUKANU ST
410240880000,A10060147,41‐474 HIHIMANU ST
410240890000,A10140060,41‐462 HIHIMANU ST
410240900000,A10140366,41‐558 MAKAKALO ST
410240940000,A10140161,41‐756 MOOIKI ST
410240950000,A10070315,41‐715 MOOIKI ST
410240960000,A10140207,41‐739 MOOIKI ST
410240990000,A10140151,41‐620 KAULUKANU ST
410241000000,A10140152,41‐630 KAULUKANU ST
410241010000,A10050381B,41‐659 WAIKUPANAHA ST
410241020000,A10050381C,41‐647 WAIKUPANAHA ST
410241040000,A20040050,41‐625 KAULUKANU ST
410241050000,A10070331,41‐720 MOOIKI ST
410241060000,A10140367,41‐574 MAKAKALO ST
410241120000,A10140208,41‐695 KAULUKANU ST
410241130000,A01140368,41‐665 KAULUKANU ST
410250040001,A20040781,41‐875 KAKAINA ST
410250060000,A05110084,41‐849 KAKAINA ST
410250070000,A05110085,41‐849 KAKAINA ST
410250100000,A10060132,41‐809 KAKAINA ST
Parcel ID (TMK),Petition Number,Site Address
410250110000,A10140369,41‐647 MAHAILUA ST
410250120000,A10080037,41‐757 KAKAINA ST
410250130000,A10080036,41‐747 KAKAINA ST
410250140000,A10060057,41‐719 KAKAINA ST
410250150000,A10070085,41‐640 MAHAILUA ST
410250160000,A10070086,41‐640 MAHAILUA ST
410250170000,A10070087,MAHAILUA ST
410250180000,A10070088,41‐640 A MAHAILUA ST
410250190000,A01140284,41‐562 KUMUHAU ST
410250210000,A10070104,41‐604 MAHAILUA ST
410250220000,A05120157,41‐639 MAHAILUA ST
410250230000,A05120158,41‐638 KUMUHAU ST
410250240000,A10140034,41‐670 KUMUHAU ST
410250250000,A10140035,KUMUHAU ST
410250260000,A10140036,41‐670 KUMUHAU ST
410250270000,A10070378,41‐720 KUMUHAU ST
410250280000,A10140143,41‐724 KUMUHAU ST
410250290000,A10140139,41‐726 KUMUHAU ST
410250300000,A10140142,41‐732 KUMUHAU ST
410250310000,A10140370,KUMUHAU ST
410250320000,A10140371,41‐744 KUMUHAU ST
410250330000,A10050350,41‐937 WAIKUPANAHA ST
410250340000,A10070349,41‐949 WAIKUPANAHA ST
410250340000,A10070392,41‐949 WAIKUPANAHA ST
410250350000,A10130049,41‐951 WAIKUPANAHA ST
410250570000,A05140372,KUMUHAU ST
410250580000,A10060071,41‐709 KAKAINA ST
410250590000,A10050295,41‐717 KAKAINA ST
410250600000,A10050379,41‐711 KAKAINA ST
410260050000,A10090197,WAIKUPANAHA ST
410260060000,A10090196,41‐139 WAIKUPANAHA ST
410260090000,A10060021,41‐610 NONOKIO ST
410260100000,A10070343,41‐310 HIHIMANU ST
410260150000,A10140038,41‐430 WAIKUPANAHA ST
410260170000,A10140070,41‐500 WAIKUPANAHA ST
410260180000,A10100180,41‐512 WAIKUPANAHA ST
410260240000,A05130019,41‐202 HIHIMANU ST
410260250000,A20040014A,41‐208 HIHIMANU ST
410260260000,A10080019,41‐260 HIHIMANU ST
410260270000,A05140235,41‐250 HIHIMANU ST
410260280000,A05140236,41‐626 NONOKIO ST
410260280000,A05140236,41‐626 NONOKIO ST
410260300000,A10120142,41‐246 HIHIMANU ST
Parcel ID (TMK),Petition Number,Site Address
410260310000,A01140238,41‐246 B HIHIMANU ST
410260320000,A01140237,41‐246 B HIHIMANU ST
410270010000,A10050384,41‐568 WAIKUPANAHA PL
410270050000,A10070107,41‐570 WAIKUPANAHA PL
410270060000,A10080027,41‐608 WAIKUPANAHA ST
410270070000,A10080033,41‐614 WAIKUPANAHA ST
410270080000,A10080034,41‐628 WAIKUPANAHA ST
410270110000,A10140527,41‐858 KAULUKANU ST
410270180000,A10140530,41‐711 KAULUKANU ST
410270190000,A10140534,41‐741 KAULUKANU PL
410270230000,A10050383A,41‐860 MAHAILUA ST
410270240000,A10050383B,41‐820 MAHAILUA ST
410270250000,A05120207,41‐740 KAULUKANU PL
410270260000,A10060006,41‐720 KAULUKANU PL
410270270000,A20040131,41‐831 KAULUKANU ST
410270280000,A10080018,41‐740 WAIKUPANAHA ST
410270290000,A10140535,41‐758 WAIKUPANAHA ST
410270300000,A20040047,41‐772 WAIKUPANAHA ST
410350010000,A10050382,41‐1009 MAHIKU PL
410350030000,A20040470,41‐969 MAHIKU PL
410350040000,A05140232,41‐949 MAHIKU PL
410350050000,A10140374,41‐929 MAHIKU PL
410350060000,A05140115,41‐909 MAHIKU PL
410350070000,A10050284,41‐889 MAHIKU PL
410350080000,A20040766,41‐869 MAHIKU PL
410350090000,A10140199,41‐849 MAHIKU PL
410350100000,A10060051,41‐830 MAHIKU PL
410350120000,A10140538,41‐910 MAHIKU PL
410350130000,A10050053,41‐950 MAHIKU PL
410350140000,A10110249,41‐970 MAHIKU PL
420070020000,A05100223,1066 MAUNAWILI RD
420070390000,A10090332,1144 MAUNAWILI LP RD
420070400000,A10070152,1140 MAUNAWILI RD
420070410000,A10140195,1130 MAUNAWILI RD
420070420000,A05140204,1120 MAUNAWILI RD
420120130001,A10090042,1009 MAUNAWILI RD
420120130002,A10090043,1011 MAUNAWILI RD
420140030000,A10080002,1003 AULOA RD
420980090000,A05110178,42‐129 OLD KALANIANAOLE RD
420980110000,A10140347,42‐137 OLD KALANIANAOLE RD
420980200000,A10120154,42‐101 KOOKU PL
420980480000,A10120183,WAIMANALO RD
420980490000,A10120182,42‐51 OLD KALANIANAOLE RD
Parcel ID (TMK),Petition Number,Site Address
460160130000,AV10100014,AHUI NANI PL
470050010000,A10140129,47‐263 AHAOLELO RD
470050020000,A10140007,AHAOLELO RD
470050070000,A01140462,47‐629 MAPELE RD
470050110000,A05140059,47‐590 MAPELE PL
470050150000,A10050349,47‐619 MAPELE PL
470050450000,A05140375,47‐604 UAPOAIHALA PL
470050650000,A10140008,47‐615 UAPOAIHALA PL
470050660000,A05140283,47‐565 MAPELE RD
470050670000,A05140280,47‐614 UAPOAIHALA PL
470050680000,A10140376,47‐624 UAPOAIHALA PL
470050690000,A05140282,47‐634 UAPOAIHALA PL
470050700000,A10140378,47‐591 MAPELE RD
470050710000,A10090022,47‐277 AHAOLELO RD
470050720000,A10080011,47‐289 AHAOLELO RD
470050740000,A10140196,47‐602 MAPELE RD
470050750000,A05140247,47‐590 MAPELE RD
470050760000,A10140050,47‐119 MAPELE WAY
470050790000,A05140065,47‐171 MAPELE WAY
470050820000,A10140153,47‐158 MAPELE WAY
470050830000,A05110224,47‐144 MAPELE WAY
470050880000,A10090044,47‐420 MAPELE RD
470050890002,A10140154,47‐611 MAPELE RD
470050920000,A10140333,47‐611 MAPELE PL
470050930000,A10140334,47‐607 MAPELE PL
470050940000,A05140206,47‐251 AHAOLELO RD
470050950000,A10140380,47‐619 MAPELE RD
470050970000,A01140461,47‐618 MAPELE RD
470050990000,A10070352,47‐136 MAPELE WAY
470051000000,A01140381,47‐122 MAPELE WAY
470060020000,A10110056,47‐544 AHILAMA RD
470060030000,A10110057,47‐544 A AHILAMA RD
470070100000,A10140275,47‐381 PULAMA RD
470070160000,A10140382,47‐874 AHILAMA RD
470070360000,A10130245,47‐285 PULAMA RD
470120200000,A10070041,47‐531 AHILAMA RD
470130210000,A10140155,47‐653 AHILAMA RD
470130300000,A05140141,47‐635 AHILAMA RD
470140060000,A10060024,KAM HWY
470140260000,A10060034,47‐710 KAM HWY
470150060000,A10060032,LAMAULA ST
470150090000,A10070040,47‐669 LAMAULA RD
470150100000,A10060033,LAMAULA RD
Parcel ID (TMK),Petition Number,Site Address
470150130000,A10140131,47‐320 PULAMA RD
470150140000,A10110076,47‐401 PULAMA RD
470160070000,A10070015,KAM HWY
470160360000,A10140189,47‐120 PULAMA RD
470250200000,A10140271,47‐357 E2 AHUIMANU RD
470250220000,A10140272,47‐357 E1 AHUIMANU RD
470250410000,A10050294,47‐357 G AHUIMANU RD
470260020000,A05100003,KAM HWY
470260050000,A05100004,KAM HWY
470260240000,A10110058,47‐519 AHILAMA RD
470270010000,A10140121,47‐157 AHAOLELO PL
470270060000,A10110059,47‐173 AHAOLELO RD
470270180000,A10090282,47‐239 AHAOLELO RD
470270200000,A10140383,47‐157 AHAOLELO PL
470280020000,A10130023,47‐140 AHAOLELO RD
470280050000,A10140273,47‐357 E AHUIMANU RD
470280290000,A10090380,47‐204 I AHAOLELO RD
470280330000,A10140064,47‐206 A AHAOLELO RD
470280360000,A10060056,47‐212 AHAOLELO RD
470290010000,A05120093,47‐282 AHAOLELO RD
470290180000,A10090417,AHAOLELO RD
470290330000,A05120094,47‐280 AHAOLELO RD
470320010000,A10140209,47‐516 AHUIMANU RD
470320020000,A05140384,47‐524 AHUIMANU RD
470320030000,A10110002,47‐532 AHUIMANU RD
470330010000,A10070267,47‐600 AHILAMA RD
470330060000,A10070353,47‐411 WAIHEE PL
470330140000,A05140463,47‐334 MAPUMAPU RD
470330150000,A10090003,47‐324 MAPUMAPU RD
470330160000,A10070375,47‐310 MAPUMAPU RD
470330160000,A10070376,47‐310 MAPUMAPU RD
470330170000,A10070129,47‐308 MAHAKEA RD
470330220000,A10070340,47‐401 MAPUMAPU RD
470330230000,A10070330,47‐411 MAPUMAPU RD
470330320001,A10070052,47‐434 WAIHEE PL
470330320002,A10070167,47‐434 A WAIHEE PL
470330350000,A20030601,47‐394 MAPUMAPU RD
4.7039E+11,A10090047,47‐002 OKANA RD
470390270000,A10130009,47‐40 OKANA PL
470420010000,A10080083,47‐533 PULAMA RD
470420030000,A10070034,47‐802 KAMAKOI PL
470420080000,A10080031,47‐807 KAMAKOI PL
470420090000,A10070062,47‐803 KAMAKOI PL
Parcel ID (TMK),Petition Number,Site Address
470420120000,A10070051,47‐208 KAMAKOI RD
470420170000,A10070027,47‐227 KAMAKOI RD
470420230000,A10140006,47‐265 KAMAKOI RD
470420250000,A10140239,47‐875 AHILAMA RD
470430060000,A10070199,47‐766 LAMAULA RD
470430270000,A05130002,47‐725 LAMAULA PL
470430430000,A10080040,47‐719 AHILAMA RD
470430480000,A10140335,47‐735 AHILAMA PL
470430500000,A05110077,47‐728 AHILAMA PL
470430540000,A10140210,47‐761 AHILAMA RD
470430720000,A10070092,47‐460 PULAMA RD
470470100000,A10080043,47‐410 MAHAKEA RD
470470150000,A10070020,47‐433 MAHAKEA RD
470470190000,A10070018,47‐411 MAHAKEA RD
470470200000,A10070209,47‐405 MAHAKEA RD
470470260000,A10070348,47‐345 MAHAKEA RD
470470330000,A10090028,47‐814 AHILAMA RD
470490070000,A10140150,47‐706 MAPELE RD
470570040000,A10070011,47‐490 AHUIMANU RD
470590100000,A10100036,47‐630 UAKEA PL
470630020000,A10090218,47‐328 WAIHEE RD
470640010000,A10080067,47‐422 WAIHEE RD
470640010000,AV0800002,47‐422 WAIHEE RD
480010010000,A10050361,48‐12 KAM HWY
480010190000,A10090283,48‐130 WAIAHOLE HMSTD RD
480010200000,A10060038,48‐86 KAMEHAMEHA HWY
480050020000,A10100006,48‐472 KAMEHAMEHA HWY
480050080000,A10140336,48‐464 KAM ST
480050100000,A05140182,48‐449 HAUPOA ST
480050110000,A10110038,48‐448 HAUPOA ST
480050160000,A10070386,48‐466 HAUPOA ST
480070100000,A20040872,48‐240 WAIAHOLE HMSTD RD
480080010000,A10050003,48‐159 WAIAHOLE HMSTD RD
480080080000,A10050004,KAM HWY
480080100000,A10050127,48‐197 WAIAHOLE HOMESTEAD RD
480080230000,A10090025,48‐128 KAMEHAMEHA HWY
480080270000,A10050399,48‐90 A WAIAHOLE HMSTD RD
480080310000,A10050002,WAIAHOLE HMSTD RD
480080320000,A10050375,48‐171 WAIAHOLE HOMESTEAD RD
480090010000,A10140240,48‐166 KAM HWY
480090060000,A10060007,48‐190 KAM HWY
480090290000,A10050270,48‐218 KAM HWY
480090330000,A10050049,48‐198 KAM HWY
Parcel ID (TMK),Petition Number,Site Address
480100030000,A10050038,48‐294 KAM HWY
480100040000,A05110122,48‐241 WAIAHOLE VALLEY RD
480100070000,A10050376,48‐254 KAMEHAMEHA HWY
480110010000,A10060028,48‐235 WAIAHOLE HOMESTEAD RD
480110420000,A10140062,48‐200 WAIAHOLE VALLEY RD
480110420000,A10140062,48‐200 WAIAHOLE VALLEY RD
480110480000,A20040963,48‐264 WAIAHOLE VLY RD
480110480000,A20040963,48‐264 WAIAHOLE VLY RD
480120100000,A10140192,48‐251 WAIAHOLE VALLEY RD
480120210000,A20040869,48‐449 WAIAHOLE VLY S BR RD
480120220000,A10050377,48‐440 WAIAHOLE VLY N BR RD
480120230000,A10050348,48‐323 WAIAHOLE VLY N BR RD
480120320000,A10050055,48‐435 WAIAHOLE VALLEY RD
480120340000,A10070095,WAIAHOLE VALLEY RD
480120350000,A10140337,WAIAHOLE VALLEY RD
480120360000,A10050125,48‐370 WAIAHOLE VALLEY RD
480120380000,A10050353,WAIAHOLE VALLEY S BRANCH RD
480120400000,A10050389A,WAIAHOLE VALLEY S BRANCH RD
480120410000,A20040878,48‐367 WAIAHOLE VALLEY RD
480120450000,A10060009,48‐400 WAIAHOLE VALLEY RD
480120490000,A10050389B,WAIAHOLE VALLEY RD
490010010000,A20040525,49‐150 KAM HWY
490010110000,A20040527,49‐145 KAM HWY
490010140000,A20040584,49‐139 KAM HWY
490020010000,A20040529,49‐176 KAM HWY
490020020000,A20040530,KAM HWY
490020030000,A20040531,KAM HWY
490020050000,A20040532,KAM HWY
490030010000,A20040533,49‐275 KAM HWY
490030140000,A20040536,KAM HWY
490030150000,A20040537,49‐243 KAM HWY
490030160000,A20040538,KAM HWY
490030300000,A10140211,49‐76 JOHNSON RD
490040020000,A20040542,49‐560 KAM HWY
490040090000,A20040543,KAM HWY
490050010000,A20040544,49‐586 KAM HWY
510010010000,A20040545,51‐114 KAM HWY
510010150000,A20040549,51‐24 KAM HWY
510010160000,A20040550,51‐22 KAM HWY
510010230000,A20040551,KAM HWY
510010240000,A20040552,KAM HWY
510010250000,A20040553,KAM HWY
510040010000,A20040554,KAM HWY
Parcel ID (TMK),Petition Number,Site Address
510090010000,A10050367,51‐188 G KAM HWY
530010410000,A10100224,53‐106 KAM HWY
530030010000,A10100226,53‐270 KAM HWY
530030090000,A10140178,KAM HWY
530040020000,AV0500002,53‐352 KAM HWY
530040050000,AV10100001,KAM HWY
530040060000,A10140179,KAM HWY
530040070000,A295000533,KAM HWY
530040130000,AV10100002,KAM HWY
530040180000,A10110147,53‐370 A KAM HWY
530040180000,AV10100008,53‐370 A KAM HWY
530040190000,A10110146,KAM HWY
530040190000,AV10100003,KAM HWY
530040380000,A10140013,53‐354 KAM HWY
530050070000,A01140126,53‐374 B KAMEHAMEHA HWY
530050070000,A01140127,53‐374 B KAMEHAMEHA HWY
530050070000,A01140128,53‐374 B KAMEHAMEHA HWY
530050070000,A01140132,53‐374 B KAMEHAMEHA HWY
530050070000,A01140134,53‐374 B KAMEHAMEHA HWY
530050070000,A01140135,53‐374 B KAMEHAMEHA HWY
530050100000,A10070033,53‐416 A KAM HWY
530050110000,A10140385,53‐416 G KAM HWY
530050120000,A01140123,KAM HWY
530050250000,A01140124,KAM HWY
530050260000,A01140125,KAM HWY
530050450004,A05120208,53‐416 K KAM HWY
530050500000,A10140061,53‐416 C KAM HWY
530050510000,A10080087,53‐416 B KAM HWY
530050580000,A10090048,53‐412 A KAM HWY
530060050000,A10070324,53‐480 KAM HWY
530060130000,AV10130003,KAM HWY
530060140000,A05130117,53‐532 KAM HWY
530060150000,A10140213,53‐530 KAM HWY
530060310000,A05140201,53‐490 W KAM HWY
530070070001,A05140076,53‐310 A PUNALUU VALLEY RD
530070130000,A20040021,53‐368 PUNALUU VALLEY RD
530070150000,A10140010,53‐350 PUNALUU VALLEY RD
530070180000,A10140180,KAM HWY
530070190000,A10140181,KAM HWY
530070200001,A10140011,53‐350 PUNALUU VALLEY RD
530070230000,AV10100011,53‐368 D KAM HWY
530090060000,A05140110,KAM HWY
530090080000,A10080082,53‐73 PUHULI ST
Parcel ID (TMK),Petition Number,Site Address
530090670001,A01140082,53‐720 KAMEHAMEHA HWY
530090670002,A01140083,53‐720 KAMEHAMEHA HWY
530090680001,A01140122,53‐772 KAMEHAMEHA HWY
5.30091E+11,A01140230,KAMEHAMEHA HWY
530090690002,A01140233,KAMEHAMEHA HWY
530090700001,A01140229,KAMEHAMEHA HWY
530090700002,A01140234,KAMEHAMEHA HWY
530090710001,A05140084,KAMEHAMEHA HWY
530090710002,A05140085,KAMEHAMEHA HWY
530090720001,A05140086,KAMEHAMEHA HWY
530090720002,A05140087,KAMEHAMEHA HWY
530090730001,A10140039,KAMEHAMEHA HWY
530090740001,A20040854,KAMEHAMEHA HWY
530090740002,A20040855,KAMEHAMEHA HWY
530090750001,A10060045A,53‐64 PUHULI ST
530090750002,A10060045B,53‐64 PUHULI ST
530090760001,AV10140009,KAMEHAMEHA HWY
530090760002,AV10140010,KAMEHAMEHA HWY
530090770001,AV10140004,KAMEHAMEHA HWY
530090770002,AV10140003,KAMEHAMEHA HWY
530090780001,AV10140007,KAMEHAMEHA HWY
530090780002,AV10140008,KAMEHAMEHA HWY
530090790001,AV10140006,KAMEHAMEHA HWY
530090790002,AV10140005,KAMEHAMEHA HWY
530090800001,A05140088,KAMEHAMEHA HWY
530090800002,A05140089,KAMEHAMEHA HWY
530090810001,A05140090,KAMEHAMEHA HWY
530090810002,A05140091,KAMEHAMEHA HWY
530090820001,A05140092,KAMEHAMEHA HWY
530090820002,A05140093,KAMEHAMEHA HWY
530090830001,A10060134A,KAMEHAMEHA HWY
530090830002,A10060134B,KAMEHAMEHA HWY
530090840001,A10110016,KAMEHAMEHA HWY
530090840002,A10110017,KAMEHAMEHA HWY
530090850001,A10110018,KAMEHAMEHA HWY
530090850002,A10110019,KAMEHAMEHA HWY
530090860001,A10110020,KAMEHAMEHA HWY
530090860002,A10110021,KAMEHAMEHA HWY
530090870001,A10070010,KAMEHAMEHA HWY
530090870002,A10110015,KAMEHAMEHA HWY
530090880001,A05140094,KAMEHAMEHA HWY
530090880002,A05140095,KAMEHAMEHA HWY
530090890001,A05140096,KAMEHAMEHA HWY
Parcel ID (TMK),Petition Number,Site Address
530090890002,A05140097,KAMEHAMEHA HWY
530090900001,A05140098,KAMEHAMEHA HWY
530090900002,A05140099,KAMEHAMEHA HWY
530090910001,A05140100,KAMEHAMEHA HWY
530090910002,A05140101,KAMEHAMEHA HWY
530090920001,A05140102,KAMEHAMEHA HWY
530090920002,A05140103,KAMEHAMEHA HWY
530090940001,A05140104,KAMEHAMEHA HWY
530090940002,A05140105,KAMEHAMEHA HWY
530090950001,A05140106,KAMEHAMEHA HWY
530090950002,A05140107,KAMEHAMEHA HWY
530090960001,A05140108,KAMEHAMEHA HWY
530090960002,A05140109,KAMEHAMEHA HWY
530090970001,A10140073,KAMEHAMEHA HWY
530090990001,A10050351A,53‐45 PUHULI ST
530090990002,A10050351B,53‐45 PUHULI ST
530091000001,A05110150,KAMEHAMEHA HWY
530091000002,A05110149,KAMEHAMEHA HWY
530091010001,A10080109,53‐618 KAMEHAMEHA HWY
530091010001,AV0800007,53‐618 KAMEHAMEHA HWY
530110010000,AV10100017,53‐284 KAM HWY
530110060000,A20040022,KAM HWY
530150160000,A05120204,53‐110 HALAI ST
530150250000,A296000558,53‐7 HALAI PL
530150330000,A05110134,53‐97 HALAI ST
530150390000,A10070064,53‐37 HALAI ST
530150410000,A10070045,53‐23 HALAI ST
540040200000,A20040853,KAWAIPUNA ST
550010430000,AV0600002,KAM HWY
550050010000,A10090341,55‐220 KULANUI ST
550050010000,A10090361,55‐220 KULANUI ST
550050010000,A10090368,55‐220 KULANUI ST
550050010000,AV10090008,55‐220 KULANUI ST
550050180000,AV10100024,55‐756 WAHINEPEE ST
550050200000,A10090355,56‐004 KAMEHAMEHA HWY
550050200000,AV10090011,56‐004 KAMEHAMEHA HWY
550050210000,A10100110,KAM HWY
550050210000,A10100231,KAM HWY
550050210000,A10120202,KAM HWY
550050220000,A10090369,WAHINEPEE ST
550050220000,A10090370,WAHINEPEE ST
550050220000,AV10090014,WAHINEPEE ST
550050230000,A10090319,STABLE RD
Parcel ID (TMK),Petition Number,Site Address
550050230000,A10090321,STABLE RD
550050230000,A10090344,STABLE RD
550050230000,A10090366,STABLE RD
550050230000,A10090374,STABLE RD
550050230000,AV10090013,STABLE RD
550050240000,A10090388,KAM HWY
550050240000,AV10090009,KAM HWY
550050250000,A10090371,KAM HWY
550050250000,AV0600004,KAM HWY
550060010000,A10090320,55‐110 KAM HWY
550060010000,A10090343,55‐110 KAM HWY
550060010000,A10090362,55‐110 KAM HWY
550060010000,A10090372,55‐110 KAM HWY
550060010000,A10090373,55‐110 KAM HWY
550060010000,A10090377,55‐110 KAM HWY
550060010000,A10090387,55‐110 KAM HWY
550060010000,A10090389,55‐110 KAM HWY
550060010000,A10090390,55‐110 KAM HWY
550060010000,A10090391,55‐110 KAM HWY
550060010000,A10090392,55‐110 KAM HWY
550060010000,A10090394,55‐110 KAM HWY
550060010000,A10110172,55‐110 KAM HWY
550060010000,AV10090006,55‐110 KAM HWY
550060100000,AV0600003,KAM HWY
550060110000,A10090382,KAM HWY
550060110000,A10090383,KAM HWY
550060110000,AV10090007,KAM HWY
550070010000,A10130131,KAM HWY
550070010000,AV10090012,KAM HWY
550080010000,AV0600024,55‐269 POOHAILI ST
550080030000,AV0600006,WAHINEPEE ST
550080040000,AV0600007,WAHINEPEE ST
550080050000,AV0600009,WAHINEPEE ST
550080080000,AV0600008,WAHINEPEE ST
550080130000,AV0600010,55‐758 WAHINEPEE ST
550080250000,AV0600011,WAHINEPEE ST
550080280000,AV0600012,WAHINEPEE ST
550080490000,AV10140001,KAM HWY
550080510000,AV0600013,KAM HWY
550080540000,AV0600014,KAM HWY
550080550000,AV0600015,KAM HWY
550080560000,AV0600016,KAM HWY
550080570000,AV0600017,KAM HWY
Parcel ID (TMK),Petition Number,Site Address
550080580000,AV0600018,KAM HWY
550080610000,AV0600019,KAM HWY
550080630000,AV0600020,KAM HWY
550080640000,AV0600021,POOHAILI ST
560020480000,A10080050,KAM HWY
560030100000,A10080052A,56‐1089 KAM HWY
560030260000,A10090205,56‐1081 KAM HWY
560030260000,A10090248,56‐1081 KAM HWY
560030260000,A10090249,56‐1081 KAM HWY
560030260000,A10090291,56‐1081 KAM HWY
560030320000,A10080052B,56‐1095 KAM HWY
560030470000,A10080084,56‐1101 KAM HWY
560050020000,A01140058,KAM HWY
560050050000,A10080053A,970 KAM HWY
560050060000,A10110227,56‐1048 KAMEHAMEHA HWY
560050070000,A10110061,56‐1050 KAM HWY
560050130000,A10080045,56‐1150 KAMEHAMEHA HWY
560050130000,A10080046,56‐1150 KAMEHAMEHA HWY
560050130000,A10080048,56‐1150 KAMEHAMEHA HWY
560050130000,A10080049,56‐1150 KAMEHAMEHA HWY
560050130000,A10080054,56‐1150 KAMEHAMEHA HWY
560050140000,A10080053D,56‐1060 KAMEHAMEHA HWY
560050150000,A10080055,KAMEHAMEHA HWY
560050160000,A10080051,56‐1030 KAM HWY
560050160000,A10080053E,56‐1030 KAM HWY
560050180000,A10140203,KAMEHAMEHA HWY
560060020000,AV0600022,KAM HWY
560060060000,A10090363,56‐350 KAM HWY
560060060000,A10090364,56‐350 KAM HWY
560060060000,A10090367,56‐350 KAM HWY
560060180000,A01140541,56‐452 KAMEHAMEHA HWY
560060180000,A01140542,56‐452 KAMEHAMEHA HWY
560060180000,A01140543,56‐452 KAMEHAMEHA HWY
560060180000,A01140544,56‐452 KAMEHAMEHA HWY
560060180000,A01140545,56‐452 KAMEHAMEHA HWY
560060280000,A10100109,KAM HWY
560060280000,AV10090010,KAM HWY
560060290000,A10070054,PLANTATION RD
560060300000,A10070118,PLANTATION RD
560060310000,A10080085,PLANTATION RD
560060320000,A20020595,PLANTATION RD
560060320000,A20020595,PLANTATION RD
560060330000,A20040904,PLANTATION RD
Parcel ID (TMK),Petition Number,Site Address
560060350000,A20030609,PLANTATION RD
560060360000,A10050363,PLANTATION RD
560060370000,A20030605,PLANTATION RD
560060380000,A20040105,PLANTATION RD
560060390000,A20040172,PLANTATION RD
560060400000,A20030607,PLANTATION RD
560060410000,A20030608,PLANTATION RD
560060420000,A10050031,PLANTATION RD
560060430000,A20030612,PLANTATION RD
560060440000,A20030598,PLANTATION RD
560060450000,A20020599,PLANTATION RD
560060460000,A20020600,PLANTATION RD
560060470000,A10060047,PLANTATION RD
560060490000,A20030613,PLANTATION RD
560060500000,A10060059,PLANTATION RD
560060510000,A10070003,PLANTATION RD
560060520000,A20030606,PLANTATION RD
560060560000,A10140202,KAMEHAMEHA HWY
560060580000,A10090317,56‐340 KAM HWY
560060580000,A10090318,56‐340 KAM HWY
560060580000,A10090365,56‐340 KAM HWY
560060580000,A10090375,56‐340 KAM HWY
560060580000,A10090379,56‐340 KAM HWY
560060580000,A10090386,56‐340 KAM HWY
560060580000,AV0700065,56‐340 KAM HWY
560070010000,A10090356,KAM HWY
560070010000,A10100108,KAM HWY
560070010000,AV10090005,KAM HWY
570010210000,A01140014,57‐146 KAM HWY
570010210000,A01140015,57‐146 KAM HWY
570010210000,A01140016,57‐146 KAM HWY
570010210000,A01140017,57‐146 KAM HWY
570010210000,A01140018,57‐146 KAM HWY
570010210000,A01140019,57‐146 KAM HWY
570010210000,A01140020,57‐146 KAM HWY
570010210000,A01140021,57‐146 KAM HWY
570010210000,A01140022,57‐146 KAM HWY
570010210000,A01140023,57‐146 KAM HWY
570010210000,A01140024,57‐146 KAM HWY
570010210000,A01140025,57‐146 KAM HWY
570010210000,A01140026,57‐146 KAM HWY
570010210000,A01140027,57‐146 KAM HWY
570010210000,AV10140002,57‐146 KAM HWY
Parcel ID (TMK),Petition Number,Site Address
570010390000,A05140265,57‐540 KAMEHAMEHA HWY
570010400000,A05140266,57‐542 KAMEHAMEHA HWY
570010410001,A01140182,KAMEHAMEHA HWY
570010410002,A01140183,KAMEHAMEHA HWY
570010410003,A01140184,KAMEHAMEHA HWY
570010410004,A01140185,KAMEHAMEHA HWY
570010410005,A01140186,KAMEHAMEHA HWY
580040380000,A10140556,58‐121 KAUNALA ST
580050880001,A10140004,58‐348 A KAM HWY
590050400000,A10070030,59‐680 PUPUKEA RD
590050660000,A05140051,59‐426 KAM HWY
590060050000,A05100236,58‐350 KAM HWY
590060110000,A10110075,KAM HWY
590060340001,A10130008,59‐178 KAM HWY
590060340002,A10070279A,KAM HWY
590070060000,A10070358,59‐84 KAHAE RD
590120040000,A10090310,59‐268 KAM HWY
590130150000,A10080022,59‐208 KAM HWY
590130210000,A05120038,59‐202 KAM HWY
590130220000,A05120036,59‐202 KAM HWY
590130230000,A05120037,59‐202 KAM HWY
590170520000,A298000587,59‐450 ALAPIO RD
590170580000,A296000548,59‐416 ALAPIO RD
590170620000,A10120021,59‐388 ALAPIO RD
590170740000,A10080016,59‐444 ALAPIO RD
590180210000,A10070361,59‐211 ALAPIO RD
590180220000,A10070210,59‐219 ALAPIO RD
590220070000,A10070207,59‐747 MAULUKUA RD
590220280000,A10070022,59‐720 KAWOA WAY
590220350000,A10070026,59‐589 PUPUKEA RD
590250060000,A10070029,59‐744 ALAPIO PL
590250090000,A10070031,59‐740 ALAPIO PL
590250540000,A10090049,59‐468 HOALIKE RD
590250550000,A10100027,59‐675 ALAPIO RD
590250560000,A10100008,59‐669 ALAPIO RD
590250580000,A10070046,59‐657 ALAPIO RD
590250640000,A10070035,59‐415 KAWOWO RD
590250730000,A10100112,59‐402 KAWOWO RD
590260030000,A10140389,59‐480 PUPUKEA RD
590260060000,A10070374,59‐456 PUPUKEA RD
590260130000,A10070357,59‐526 AUKAUKA RD
590280170000,A10130003,59‐530 PUPUKEA RD
590290350000,A10130112,59‐90 KAHAE RD
Parcel ID (TMK),Petition Number,Site Address
590300140000,A10130095,59‐555 MAKANA RD
590300250000,A10140052,59‐520 MAKANA RD
590300310000,A10140063,59‐453 WILINAU RD
590310230000,A10080017,59‐736 KANALANI PL
590310280000,A01140390,59‐705 PUPUKEA RD
610020010000,AV0700005,KAM HWY
610020240000,AV0700006,KAM HWY
610040230000,AV0500017,WAIALUA
610040580000,AV0500018,WAIALUA
610050010000,A10140391,KAWAILOA DR
610050010000,AV0700053,KAWAILOA DR
610050070000,AV0500020,61‐604 KAM HWY
610050090000,A10100028,61‐486 KAM HWY
610050100000,AV0500021,KAM HWY
610050150000,AV0800008,61‐676 KAM HWY
610050160000,AV0800011,61‐166 KAM HWY
610050170000,AV10110004,KAM HWY
610050190000,AV0500022,KAM HWY
610050200001,A01140177,KAM HWY
610050200003,A01140288,KAM HWY
610050210000,A10100234,62‐196 KAWAILOA DR
610050220000,A10080277,62‐198 KAWAILOA DR
610050230000,A10080092,KAM HWY
610050230000,AV0800009,KAM HWY
610060010000,A10120170,KAM HWY
610060010000,AV0500023,KAM HWY
610070010000,A10120171,KAM HWY
610070010000,AV0500024,KAM HWY
610080240000,A10050287A,61‐470 KAM HWY
610080300000,A10050287B,KAM HWY
620010010000,AV0500025,62‐064 KAHALEWAI PL
620010100000,AV0500026,WAIALUA
620020010000,A10080090,62‐207 KAWAILOA DR
620020020000,A05110198,KAM HWY
620020030000,AV10120005,62‐207 G KAWAILOA DR
620020060000,A20040062,62‐203 M LOKOEA PL
620020100000,A10120001,62‐394 JOSEPH P LEONG HWY
620020200000,AV0500027,KAM HWY
620020220000,AV0500028,KAM HWY
620020310000,A10080089,62‐330 KAMEHAMEHA HWY
620020320000,A05130010,KAM HWY
620020330000,A05130011,KAM HWY
620020340000,A05130012,KAM HWY
Parcel ID (TMK),Petition Number,Site Address
620020350000,A05130013,KAM HWY
620020360000,A05130014,KAM HWY
620030020000,AV10090002,62‐148 LOKOEA PL
620040010000,A10110079,EMERSON RD
620040040000,A10080081,EMERSON RD
620040280000,A10130161,EMERSON RD
620040350000,A10060012,62‐400 JOSEPH P LEONG HWY
620050010000,AV0500030,KAM HWY
620050020000,AV0700008,KAM HWY
620050350000,AV0700009,KAM HWY
620060060000,AV0700010,66‐420 KAM HWY
620060070000,AV0500031,KAM HWY
620070010000,AV0500032,KAM HWY
620070030000,AV0700054,66‐638 KAM HWY
620070040000,A01140392,KAM HWY
620070060000,A10050344,KAM HWY
620070070000,A01140393,KAM HWY
620070080000,A01140394,KAM HWY
620070110000,A01140395,KAM HWY
620070320000,AV0500034,KAM HWY
620080070000,AV0500035,KAM HWY
620080120000,AV0500036,KAM HWY
620080150000,AV0500037,KAM HWY
620080250000,AV0500038,KAM HWY
620090010000,A10120172,KAM HWY
620090010000,A10140396,KAM HWY
620090010000,AV0700052,KAM HWY
620100010000,A10090295,EMERSON RD
620100010000,A10140397,EMERSON RD
620100010000,A10140398,EMERSON RD
620100070000,A10110080,62‐204 G EMERSON RD
620110010000,A10120173,PLANTATION RD
620110010000,A10140399,PLANTATION RD
620110010000,A10140400,PLANTATION RD
620110210000,AV10110005,66‐126 KAM HWY
640010010000,A01140401,64‐486 KAMEHAMEHA HWY
640010010000,A01140402,64‐486 KAMEHAMEHA HWY
640010010000,A05100220,64‐486 KAMEHAMEHA HWY
640010010000,A05120102,64‐486 KAMEHAMEHA HWY
640010010000,A05130200,64‐486 KAMEHAMEHA HWY
640010010000,A05130201,64‐486 KAMEHAMEHA HWY
640010010000,AV0800006,64‐486 KAMEHAMEHA HWY
640010050000,AV0700012,KAM HWY
Parcel ID (TMK),Petition Number,Site Address
640020010000,A01140403,PLANTATION RD
640020010000,A01140404,PLANTATION RD
640020010000,A01140405,PLANTATION RD
640030010000,A10140406,64‐1551 KAM HWY
640030030000,A01140408,64‐1550 KAM HWY
640030030000,A01140409,64‐1550 KAM HWY
640030030000,A05140407,64‐1550 KAM HWY
640040010000,A01140410,KAM HWY
640040010000,A01140411,KAM HWY
640040010000,A01140412,KAM HWY
640040010000,A01140415,KAM HWY
640040010000,A05140413,KAM HWY
640040010000,A10140414,KAM HWY
640040070000,A05140416,KAM HWY
640040080000,A01140417,KAM HWY
650010100010,A05130227,KAUKOKONAHUA RD
650010100011,A05130228,KAUKOKONAHUA RD
650010100012,A05130229,KAUKOKONAHUA RD
650010100013,A05130230,KAUKOKONAHUA RD
650010100014,A05130231,KAUKOKONAHUA RD
650010100015,A05130232,KAUKOKONAHUA RD
650010100016,A05130233,KAUKOKONAHUA RD
650010100017,A05130234,KAUKOKONAHUA RD
650010100019,A05140217,KAUKOKONAHUA RD
650010100020,A10130094,65‐670 KAUKOKONAHUA RD
650010140000,A01140418,KAUKONAHUA RD
650010140000,A01140419,KAUKONAHUA RD
650010140000,A05130202,KAUKONAHUA RD
650010190000,A01140289,KAUKONAHUA RD
650010210000,AV0800001,KAUKONAHUA RD
650010220000,A01140295,65‐665 KAUKONAHUA
650010330004,A10140531,KAUKONAHUA RD
650010330008,A10130123,KAUKONAHUA RD
650010400000,A10090277,KAUKONAHUA RD
650010420001,A01140290,KAUKONAHUA RD
650010420002,A01140291,KAUKONAHUA RD
650010420003,A01140292,KAUKONAHUA RD
650010420004,A01140293,KAUKONAHUA RD
650010430000,A01140294,KAUKONAHUA RD
650010440000,A01140420,65‐1140 KAUKONAHUA RD
650010440000,A05130203,65‐1140 KAUKONAHUA RD
650010440000,A05130204,65‐1140 KAUKONAHUA RD
650010450000,A01140421,KAUKONAHUA RD
Parcel ID (TMK),Petition Number,Site Address
650010460000,A10140422,KAUKONAHUA RD
650020010000,A10100204,HUKILAU PL
650020010000,AV0700016,HUKILAU PL
650020030000,A10140079,65‐1031 B KAUKONAHUA RD
650020050000,A05140424,65‐1001 KAUKONAHUA RD
650020050000,A10140423,65‐1001 KAUKONAHUA RD
650020060000,A10140425,KAUKONAHUA RD
650020080000,A10140426,HUKILAU LP
650020100000,AV0700030,HUKILAU LP
650020110000,A10140427,HUKILAU LP
650020110000,A10140428,HUKILAU LP
650020110000,AV0700017,HUKILAU LP
650020180000,A10140429,KAUKONAHUA RD
650020190000,A10140430,HUKILAU LP
650020220000,A10110003,65‐889 KAUKONAHUA RD
650020240000,A10080108,65‐777 KAUKONAHUA RD
650020250000,AV0700037,65‐1155 KAUKONAHUA RD
650020260000,A05110022,WILIKINA DR
650040010000,A10140116,65‐1140 POAMOHO ST
650040020000,A10110044,65‐1110 POAMOHO ST
650040030000,A10090424,65‐1078 POAMOHO ST
650040050000,AV0800005,65‐1025 POAMOHO ST
650040060000,A10060312,65‐1051 POAMOHO ST
650040070000,A10080041,65‐340 POAMOHO PL
650040080000,A05130113,65‐288 POAMOHO PL
650040090000,A10140053,65‐248 POAMOHO PL
650040110000,A10100132,65‐245 POAMOHO PL
650040120000,A10090425,65‐277 POAMOHO PL
650040140000,A10140431,65‐323 POAMOHO PL
650050010000,A10140432,KAM HWY (PAALAA WAIA
650050020000,A01140434,KAM HWY
650050020000,A01140435,KAM HWY
650050020000,A01140436,KAM HWY
650050020000,A01140437,KAM HWY
650050020000,A05130205,KAM HWY
650050020000,A10080164,KAM HWY
650050020000,A10140433,KAM HWY
650050030000,A01140438,64‐539 KAMEHAMEHA HWY
650050030000,A01140439,64‐539 KAMEHAMEHA HWY
650050030000,A10140440,64‐539 KAMEHAMEHA HWY
650050040000,A01140442,KAM HWY
650050040000,A05120103,KAM HWY
650050040000,A05130206,KAM HWY
Parcel ID (TMK),Petition Number,Site Address
650050040000,A10140441,KAM HWY
660040020000,A05110013,66‐40 AMARA RD
660040260000,A05110012,66‐40 A AMARA RD
660080060000,A10140117,66‐159 ACHIU LN
660080260000,A20040571,66‐386 M HALEIWA RD
660080270000,A20040572,66‐183 ACHIU LN
660090020000,A01140071,ACHIU LN
660090130000,A05110010,66‐193 KAMEHAMEHA HWY
660090150000,A05110009,66‐815 KAM HWY
660100010000,A10140278,ACHIU LN
660100030000,A01140072,66‐71 ACHIU LN
660100100000,A05130207,66‐486 KILIOE PL
660120010000,A05130208,HALEIWA RD
660120030000,A10130249,66‐480 HALEIWA RD
660120040000,A10140279,66‐480 HALEIWA RD
660120040000,AV10120002,66‐480 HALEIWA RD
660140040000,AV0700018,66‐18 SMILEY PL
660140060000,AV10090001,HALEIWA RD
660150030000,A05130109,66‐650 HALEIWA RD
660150040000,A05130110,66‐341 B AUKAI LN
660150060000,A05130111,AUKAI LN
660150070000,A10090145,66‐305 AUKAI LN
660160130000,A10060005,66‐310 AUKAI LN
660190430000,AV0700019,66‐222 WAIALUA BEACH RD
660190440000,A10140001,66‐220 WAIALUA BEACH RD
660200040002,A05130079,66‐225 WAIALUA BEACH RD
660220010000,A05140443,AIEA HTS DR
660220010000,A05140444,AIEA HTS DR
660230030000,A05130209,KAMOOLOA RD
660230030000,A05140445,KAMOOLOA RD
660230030000,A05140446,KAMOOLOA RD
660240010000,A05130210,KAMOOLOA RD
660240010000,A05140447,KAMOOLOA RD
660240010000,A05140448,KAMOOLOA RD
660250010000,A05130211,FARRINGTON HWY
660250020000,A05130212,KAUPE RD
660250060000,A05130213,KAUPE RD
660270100000,A01140449,66‐603 KAUPE RD
660270100000,A05130214,66‐603 KAUPE RD
660270100000,AV0700022,66‐603 KAUPE RD
660270110000,A05110001,66‐603 KAUPE RD
660280010000,A10130001,66‐1469 KAUKONAHUA RD
660280020000,A10080060,FARRINGTON HWY
Parcel ID (TMK),Petition Number,Site Address
660280030000,A10080059,66‐1453 KAUKONAHUA RD
660280040000,A10120129,66‐1445 KAUKONAHUA RD
660280050000,A10120125,66‐1439 KAUKONAHUA RD
660280060000,A10100044,FARRINGTON HWY
660280070000,A10140003,66‐1425 KAUKONAHUA RD
660280090000,A05100031,FARRINGTON HWY
660280130000,A05140041,66‐1444 KAUKONAHUA RD
660280140000,A10070038,66‐1440 KAUKONAHUA RD
660280150000,A10110078,66‐1450 KAUKONAHUA RD
660280160000,A10110097,66‐1474 KAUKONAHUA RD
660280170000,A10080139,66‐2089 KAUKONAHUA RD
660280220000,A10060315,KAM HWY
660280230000,A10080144,66‐1462 KAUKONAHUA RD
660280240000,A10080061,66‐1479 KAUKONAHUA RD
660280270001,A05120096A,66‐1420 KAUKONAHUA RD
660280270002,A05120096B,66‐1420 KAUKONAHUA RD
660290110001,A10060049A,66‐952 KUEWA DR
660290110002,A10060049B,66‐952 KUEWA DR
670010050000,AV0700023,WAIALUA BEACH RD
670010050000,AV0700023,WAIALUA BEACH RD
670010080000,A05130215,WAIALUA BEACH RD
670010090000,AV0600001,WAIALUA BEACH RD
670010140000,A01140450,WAIALUA BEACH RD
670010180000,AV0600023,GOODALE AVE
670010260000,A01140451,67‐421 FARRINGTON HWY
670010260000,A05130216,67‐421 FARRINGTON HWY
670010260000,A05140452,67‐421 FARRINGTON HWY
670010260000,AV0700024,67‐421 FARRINGTON HWY
670010320000,A10060042,67‐021 WAIALUA BEACH RD
670010340000,A05130217,PUUIKI ST
670010370000,A01140453,GOODALE AVE
670010630000,A01140454,67‐114 KEALOHANUI ST
670010630000,A05140455,67‐114 KEALOHANUI ST
670020060001,A10090201,67‐290 FARRINGTON HWY
670020070000,A10090280,FARRINGTON HWY
670020070000,A10140456,FARRINGTON HWY
670020140000,A01140457,KAHUI ST
670020340002,A01140029,67‐290 FARRINGTON HWY
670020340002,A01140030,67‐290 FARRINGTON HWY
670020370000,A01140458,67‐150 FARRINGTON HWY
670020380000,A10090200,67‐290 FARRINGTON HWY
670020380000,A10120128,67‐290 FARRINGTON HWY
670020400000,A01140459,67‐150 FARRINGTON HWY
Parcel ID (TMK),Petition Number,Site Address
670020410000,A10130164,67‐150 FARRINGTON HWY
670020420000,A10090338A,67‐150 FARRINGTON HWY
670020420000,A10130169,67‐150 FARRINGTON HWY
670020430000,A01140464,67‐150 FARRINGTON HWY
670020430000,A01140465,67‐150 FARRINGTON HWY
670020430000,A05140460,67‐150 FARRINGTON HWY
670020460000,A01140466,67‐150 FARRINGTON HWY
670030020000,A05140467,KAHUI ST
670030050000,A05140489,67‐080 FARRINGTON HWY
670030060000,A05140468,KAHUI ST
670030070000,A05140470,KAHUI ST
670030090000,A05140471,KAHUI ST
670030100000,A05140472,KAHUI ST
670030110000,A05140469,KAHUI ST
670030170000,A05140473,KAHUI ST
670030190000,AV0700027,67‐076 FARRINGTON HWY
670040010000,A05140474,KEKAUWAY ST
670040040000,A05140475,WAIALUA
670090710000,A05140476,67‐202 KUPAHU ST
680020050000,A05140477,68‐670 FARRINGTON HWY
680020060000,A05140298,FOREST
680030050000,A05140299,68‐434 FARRINGTON HWY
680030060000,A05140300,68‐434 FARRINGTON HWY
680030090000,A05140478,68‐670 FARRINGTON HWY
680030150000,A05140301,FARRINGTON HWY
680030170000,A05140302,68‐539 FARRINGTON HWY
680030190000,A05140303,68‐502 FARRINGTON HWY
680030210000,A05110062,FARRINGTON HWY
680030300000,A05140304,FARRINGTON HWY
680030310000,A05140305,68‐414 FARRINGTON HWY
680030330000,A05140306,FARRINGTON HWY
680030340000,A05110063,68‐444 J FARRINGTON HWY
680030350000,A05140307,FARRINGTON HWY
680030370000,A10090040,68‐411 FARRINGTON HWY
680030400000,A05140308,68‐434 FARRINGTON HWY
680030430000,A10130165,FARRINGTON HWY
680030440000,A10130166,FARRINGTON HWY
680030440000,A10130167,FARRINGTON HWY
680030480000,A10140112,68‐399 FARRINGTON HWY
680030490000,A10110081,68‐399 FARRINGTON HWY
680030500000,A10070373,68‐387 FARRINGTON HWY
680060100000,A05110180,KEKAUIWA ST
680060100000,A05110237,KEKAUIWA ST
Parcel ID (TMK),Petition Number,Site Address
680060100000,A05110238,KEKAUIWA ST
680060100000,A05110239,KEKAUIWA ST
680060100000,A05110240,KEKAUIWA ST
680060100000,A05140309,KEKAUIWA ST
680070020000,A05100182,FARRINGTON HWY
680070020000,A10130170,FARRINGTON HWY
680070020000,A10130171,FARRINGTON HWY
680070020000,A10130172,FARRINGTON HWY
680070020000,A10130173,FARRINGTON HWY
680070020000,A10130174,FARRINGTON HWY
680070020000,A10140479,FARRINGTON HWY
680070040000,A10140480,FARRINGTON HWY
680070050000,A01140481,FARRINGTON HWY
680130010000,A10070266,68‐359 FARRINGTON HWY
680130040000,A10060039,68‐299 MAHINAAI ST
680130050000,A10140042,68‐285 MAHINAAI ST
680130080000,A01140482,68‐239 MAHINAAI ST
680130090000,A10050274,68‐217 MAHINAAI ST
680130090000,AV0800010,68‐217 MAHINAAI ST
680130100000,A10070360,68‐216 MAHINAAI ST
680130110000,A10050296,68‐240 MAHINAAI ST
680130120000,A20040154,68‐415 KIKOU ST
680130130000,A10140119,68‐682 CROZIER DR
680130160000,A10060154,68‐355 KIKOU ST
680130230000,A01140188,68‐208 OLOHIO ST
680130250000,A10050395,68‐238 OLOHIO ST
680130310000,A05140264,68‐330 OLOHIO ST
680130320000,A10060022,68‐346 OLOHIO ST
680130330000,A10080013,68‐360 OLOHIO ST
680130360000,A20040628,68‐406 OLOHIO ST
680130370000,A20040092,68‐420 OLOHIO ST
680130380000,A10060035,68‐419 OLOHIO ST
680130420000,A10120002,68‐355 OLOHIO ST
680130440000,A10140287,68‐311 OLOHIO ST
680130450000,A10140048,68‐286 KIKOU ST
680130460000,A10060197,68‐310 KIKOU ST
680130470000,A10070006,68‐326 KIKOU ST
680130490000,A10070356,68‐356 KIKOU ST
680130500000,A10070359,68‐370 KIKOU ST
680130510000,A10140078,68‐386 KIKOU ST
680130520000,A10060152,68‐400 KIKOU ST
680130530000,A20040153,68‐416 KIKOU ST
680130540000,A10140194,68‐434 KIKOU ST
Parcel ID (TMK),Petition Number,Site Address
680130550000,A10140231,68‐450 KIKOU ST
680130560000,A10140483,68‐300 MAHINAAI ST
680130580000,A10070329,68‐330 MAHINAAI ST
680130600000,A10130021,68‐285 OLAO PL
680130610000,A10070119,68‐265 OLAO PL
680130620000,A10140484,68‐255 OLAO PL
680130640000,A10080008,68‐262 OLAO PL
680130650000,A10080003,68‐284 OLAO PL
680130660002,A10050371,68‐700 CROZIER DR
680130660003,A10140080,68‐770 CROZIER DR
680130660004,A10140081,68‐770 CROZIER DR
680130660005,A20040155,68‐770 CROZIER DR
680130660006,A10140526,68‐770 CROZIER DR
710010020000,AV0700040,KAM HWY
710010030000,AV0700031,KAM HWY
710010050000,AV0700032,KAM HWY
710010070000,AV0700041,KAM HWY
710010120000,AV0700043,KAM HWY
710010230000,AV0700044,WILIKINA DR
710010240000,AV0700045,KAM HWY
710010270000,A10130016,WHITMORE AVE
710010280000,AV0700035,WILIKINA DR
710010290000,AV0700048,WILIKINA DR
710010360000,AV10100029,WILIKINA DR
710010370000,A05110023,WILIKINA DR
710010370000,AV0700039,WILIKINA DR
710010380000,A10130015,700 WHITMORE AVE
710010450000,AV0700047,KAM HWY
710010460000,AV0700042A,KAM HWY
710020040000,A01140485,WHITMORE AVE
710020040000,A01140486,WHITMORE AVE
710020040000,A05100215,WHITMORE AVE
710020060000,A01140487,912 HANAU ST
710020090000,A01140488,WHITMORE AVE
710020230000,A01140490,UWALO CIR
710020310000,A01140491,WHITMORE AVE
710020320000,A01140492,WHITMORE AVE
710020330000,A01140493,WHITMORE AVE
710020340000,A05110222,WHITMORE AVE
730070010000,A01140494,152 LAKEVIEW CIR
730180590000,A10120126,61 LAUONE LOOP
750110010000,A10070272,1895 EAMES ST
830020080000,A10110176,83‐572 FARRINGTON HWY
Parcel ID (TMK),Petition Number,Site Address
840220060000,A10110041,84‐1044 KAULAWAHA RD
850030090000,A10140241,WAIANAE VALLEY RD
850030150000,A10070023,85‐580 C WAIANAE VALLEY RD
850030180000,A10060014,85‐580 E WAIANAE VALLEY RD
850030190000,A10130060,85‐576 B1 WAIANAE VALLEY RD
850030290000,A10140242,WAIANAE VALLEY RD
850030310000,A01140243,85‐578 A WAIANAE VALLEY RD
850030320000,A01140245,WAIANAE VALLEY RD
850030420000,A05140074,85‐576 WAIANAE VALLEY RD
850030430000,A05140246,85‐580 WAIANAE VALLEY RD
850040040000,A10100026,85‐1383 C WAIANAE VALLEY RD
850040100000,A10070037C,85‐965 WAIANAE VALLEY RD
850040120000,A10140338,85‐1279 WAIANAE VALLEY RD
850040190000,A20040120,85‐1490 WAIANAE VALLEY RD
850040200001,A10140550,85‐1330 H WAIANAE VALLEY RD
850040200002,A10140551,85‐1330 K WAIANAE VALLEY RD
850040200003,A10140548,85‐1330 H WAIANAE VALLEY RD
850040200004,A10140549,85‐1330 H WAIANAE VALLEY RD
850040210001,A10140547,85‐1330 E WAIANAE VALLEY RD
850040210002,A10140546,85‐1330 E‐1 WAIANAE VALLEY RD
850040230000,A10142019,85‐1284 WAIANAE VALLEY RD
850040250000,A20040319,85‐1186 WAIANAE VALLEY RD
850040350000,A10070037A,85‐877 WAIANAE VALLEY RD
850040550000,A10140339,85‐1344 WAIANAE VALLEY RD
850040560000,A20040001,85‐1330 D WAIANAE VALLEY RD
850040650000,A10070037B,WAIANAE VALLEY RD
850040890000,A10100140,85‐1373 A WAIANAE VALLEY RD
850040950000,A10140137,85‐1570 B WAIANAE VALLEY RD
850040990000,A10140340,85‐1330 C1 WAIANAE VALLEY RD
850041010000,A10140138,85‐1570 WAIANAE VALLEY RD
850041020000,A10140136,85‐1570 A WAIANAE VALLEY RD
850050330000,A05140145,85‐1636 HALEAHI RD
850190010000,A10060017,85‐443 WAIANAE VALLEY RD
850190040000,A10060018,85‐443 B WAIANAE VALLEY RD
850190050000,A10060019,85‐443 A WAIANAE VALLEY RD
850190140000,A10140148,85‐485 C WAIANAE VALLEY RD
850190160000,A10090195,85‐485 D WAIANAE VALLEY RD
850190170000,A20040122,85‐695 WAIANAE VALLEY RD
850190190000,A05140047,85‐775 A WAIANAE VALLEY RD
850190200000,A10050288,85‐781 WAIANAE VALLEY RD
850190220000,A10140077,85‐775 B WAIANAE VALLEY RD
850190280000,A05140114,85‐779 WAIANAE VALLEY RD
850190350000,A01140244,WAIANAE VALLEY RD
Parcel ID (TMK),Petition Number,Site Address
850190380000,A20040488,85‐772 WAIANAE VALLEY RD
850190390000,A05130020,85‐760 WAIANAE VALLEY RD
850190440000,A10140258,85‐620 WAIANAE VALLEY RD
850190450000,A10140495,85‐610 WAIANAE VALLEY RD
850190460000,A10140341,85‐596 WAIANAE VALLEY RD
850190530000,A10050366,85‐538 WAIANAE VALLEY RD
850190540000,A05120023,85‐508 WAIANAE VALLEY RD
850190550000,A10060148A,85‐480 WAIANAE VALLEY RD
850190550000,A10090323,85‐480 WAIANAE VALLEY RD
850190770000,A10140176,85‐443 WAIANAE VALLEY RD
850190780000,A05140113,85‐779 B WAIANAE VALLEY RD
850190790000,A10060148B,WAIANAE VALLEY RD
850210010000,A10080010,85‐685 WAIANAE VALLEY RD
850210020000,A10080009,85‐621 WAIANAE VALLEY RD
850220070000,A10070004,85‐859 PILIUKA PL
850340020000,A295000537,85‐585 PILIUKA PL
850340030000,A20040024,85‐511 PILIUKA PL
850340040000,A294000518,85‐429 PILIUKA PL
850340050000,AV0800003,85‐345 WAIANAE VALLEY RD
850340060000,A294000519,85‐340 PILIUKA PL
850340070000,A295000536,85‐362 PILIUKA PL
850340080000,A294000524,85‐406 PILIUKA PL
850340100000,A294000523,85‐508 PILIUKA PL
850340110000,A294000521,85‐552 PILIUKA PL
850340120000,A294000516,85‐600 PILIUKA PL
850340150000,A294000517,85‐1051 KAWIWI WAY
850340160000,A294000585,PILIUKA PL
860030050000,A10050289,86‐509 HALONA RD
860030190000,A10140044,86‐280 KUWALE RD
860030200000,A10120080,86‐809 PUUHULU RD
860030210000,A10090312,86‐310 KUWALE RD
860030290000,A10140257,86‐256 KUWALE RD
860030550000,A10110014,86‐310 C KUWALE RD
860050010000,A20040133,86‐854 LUALUALEI HMSTD RD
860050020000,A10140496,86‐824 LUALUALEI HMSTD RD
860050030000,A05100002,86‐446 KUWALE RD
860050080000,A05140554,86‐344 KUWALE RD
860050090000,A20040132,86‐842 LUALUALEI HMSTD RD
860060040000,A10070096,86‐408 PUHAWAI RD
860060070000,A10070268,86‐401 KUWALE RD
860060090000,A10050357,86‐412 PUHAWAI RD
860070010000,A10140193,86‐339 KUWALE RD
860070070000,A10070058,86‐325 KUWALE RD
Parcel ID (TMK),Petition Number,Site Address
860070320000,A10140555,86‐355 KUWALE RD
860070400000,A20040627,86‐603 PUUHULU RD
860070410000,A296000553,86‐615 PUUHULU RD
860070450000,A10140497,KUWALE RD
860070470000,A10080020,86‐324 PUHAWAI RD
860070470000,A10080021,86‐324 PUHAWAI RD
860080030000,A296000561,86‐152 PUHAWAI RD
860080050000,A20040785,86‐215 KUWALE RD
860080060000,A10070019,86‐247 KUWALE RD
860080070000,A20040118,86‐253 KUWALE RD
860080080000,A10080070,86‐730 PUUHULU RD
860080230000,A10090023,86‐620 PUUHULU RD
860080280000,A20040784,86‐231 KUWALE RD
860090060000,A10090007,86‐151 KUWALE RD
860090070000,A10050067,86‐115 A KUWALE RD
860090140000,A20040053,86‐659 PAHEEHEE RD
860090150000,A10060030,86‐116 A PUHAWAI RD
860090170000,A10090329,86‐116 PUHAWAI RD
860100060000,A10070049A,86‐550 HALONA RD
860100060000,A10070049B,86‐550 HALONA RD
860100060000,A10070049C,86‐550 HALONA RD
860100110000,A10140045,86‐504 HALONA RD
860100160000,A296000546,86‐524 C HALONA RD
860100170000,A10140156,86‐535 PUUHULU RD
860100410000,A10050101,86‐459 PUUHULU RD
860100430000,A10050102,86‐361 OHEMAUKA PL
860110070000,A10070042,86‐404 HALONA RD
860110110000,A10140046,86‐440 HALONA RD
860120010000,A05110107,86‐431 HALONA RD
860120040000,A10140160,86‐347 HALONA RD
860120190000,A10070017,86‐359 HALONA RD
860130030000,A10070089,86‐379 LUALUALEI HMSTD RD
860190020000,A10070151,86‐203 PUHAWAI RD
860190220000,A296000552,86‐179 PUHAWAI RD
860190330000,A297000569,86‐517 PAHEEHEE PL
860190390000,A10110096,86‐569 PAHEEHEE RD
860240010000,A10070061,86‐223 PUHAWAI RD
860240050000,A10070347,86‐469 PAHEEHEE RD
860240070000,A01140296,86‐449 PUUHULU RD
860240110000,A10140263,86‐530 PUUHULU RD
860240120000,A20040016,86‐536 PUUHULU RD
870030090000,A10070001,87‐230 KULAAUPUNI ST
870030290000,A05140032,87‐201 PAAKEA RD
Parcel ID (TMK),Petition Number,Site Address
870030580000,A20040034B,87‐250 KULAAUPUNI ST
870030680000,A05140031,87‐251 A PAAKEA ST ST
870100200000,A10140054,KULAWAE ST
870180010000,A10050217,87‐827 ILIILI RD
870180020000,A10140286,ILIILI RD
870180040000,A10140118,87‐1087 APUUPUU RD
870180060000,A10140009,87‐1050 PAPAYA RD
870180090000,A10050373,87‐711 KAUKAMA RD
870180090000,A10050374,87‐711 KAUKAMA RD
870180120000,A20040648,87‐549 KAUKAMA RD
870180130000,A20040123,87‐519 KAUKAMA RD
870180160000,A10140342,87‐550 KAUKAMA RD
870180220000,A05130078,87‐768 KAUKAMA RD
870180240000,A10140343,87‐911 PAAKEA RD
870180250000,A10140344,87‐910 PAPAYA RD
870180320000,A10140345,87‐897 APUUPUU RD
870180340000,A10140005,87‐902 PAPAYA RD
870180410000,A10060027,87‐911 APUUPUU RD
870180510000,A10140346,87‐730 KAUKAMA RD
870180550000,A10070385,87‐1149 PAAKEA RD
870180580000,A05110040,87‐801 ILIILI RD
870180610000,A20040332,87‐1059 PAPAYA RD
870190070000,A05140075,87‐1043 HAKIMO RD
870190080000,A20040585,87‐979 HAKIMO RD
870190090000,A10080072,87‐951 HAKIMO RD
870190100000,A10140056,87‐929 HAKIMO RD
870190110001,A10140499,87‐680 HAKIMO RD
870190240000,A10110108,87‐1149 ILIILI RD
870190270000,A10140248,87‐1055 ILIILI RD
870190290000,A10140500,87‐992 F HAKIMO RD
870190390000,A10070032,87‐881 ILIILI RD
870190420000,A10090311,87‐737 ILIILI RD
870190480000,A10140147,87‐1360 PAAKEA RD
870190540000,A05140198,87‐1501 PAAKEA RD
870190560000,A20040253,87‐828 HAKIMO RD
870190590000,A05140149,87‐1454 PAAKEA RD
870210010000,A10070084,87‐1550 PAAKEA RD
870210050000,A10140200,87‐769 HAKIMO RD
870210060000,A10090256,87‐1530 KUUALOHA RD
870210060000,A296000544,87‐1530 KUUALOHA RD
870210080000,A05140262,87‐665 HAKIMO RD
870210200000,A10070313,87‐1660 ULEHAWA RD
870210210000,A20040574,87‐475 HAKIMO RD
Parcel ID (TMK),Petition Number,Site Address
870210220000,A05140501,87‐1567 ULEHAWA RD
870210340000,A296000570,87‐1529 KAPIKI RD
870210400000,A10070354,87‐739 HAKIMO RD
870210410000,A10140158,87‐759 HAKIMO RD
870210430000,A10070271,87‐675 HAKIMO RD
870210450000,A10140197,87‐797 HAKIMO RD
870220160000,A20040477,87‐1550 KANAHALE RD
910100020000,A01140174,FORT WEAVER RD
910100020000,A01140174,FORT WEAVER RD
910100100000,A05140253,FORT WEAVER RD
910100140000,A05140254,FORT WEAVER RD
910100150000,A05140255,FORT WEAVER RD
910100160000,A05140256,EAST‐WEST LOCK ACCES
910140420000,A01140220,91‐400 MALAKOLE ST
910140420000,A01140221,91‐400 MALAKOLE ST
910150050000,A01140222,91‐40 FARRINGTON HWY
910150170000,A01140223,91‐101 FARRINGTON HWY
910160080000,A01140249,FARRINGTON HWY
910160080000,A01140249,FARRINGTON HWY
910170040000,A01140163,25‐1821 FORT WEAVER RD
910170040000,A01140167,25‐1821 FORT WEAVER RD
910170040000,A01140169,25‐1821 FORT WEAVER RD
910170040000,A01140170,25‐1821 FORT WEAVER RD
910170590000,A01140168,91‐2141 FORT WEAVER RD
910170620000,A10140502,91‐2230 OLD FORT WEAVER RD
910170720000,A01140164,FARRINGTON HWY
910180010000,A01140165,FARRINGTON HWY
910180010000,A01140166,FARRINGTON HWY
910180010000,A01140172,FARRINGTON HWY
910180010000,A01140175,FARRINGTON HWY
910180040000,A01140173,FARRINGTON HWY
910180050000,A01140250,FARRINGTON HWY
910180050000,A01140250,FARRINGTON HWY
910180070000,A01140251,FARRINGTON HWY
910180080000,A01140252,FARRINGTON HWY
920010010000,A10080077,94‐520 KUNIA RD
920010020000,A05140310,94‐963 KUNIA RD
920010020000,A05140311,94‐963 KUNIA RD
920010050000,A10090052,KUNIA RD
920010110000,A10070123,94‐880 KUNIA RD
920010110000,A10080001,94‐880 KUNIA RD
920020060000,A01140171,KUNIA RD
920040020000,A05110092,FARRINGTON HWY
Parcel ID (TMK),Petition Number,Site Address
920040030000,A01140268,FARRINGTON HWY
920040060000,A01140267,94‐880 KUNIA RD
920040070000,A05110091,94‐1011 KUNIA RD
920040080000,A05120138,KUNIA RD
920040090000,A10080078,KUNIA RD
920040100000,A10120127,KUNIA RD
920040110000,A01140270,KUNIA RD
920040120000,A01140269,FARRINGTON HWY
920050010000,AV10090003,92‐1745 KUNIA RD
920050040000,AV10120001,KUNIA RD
920050220000,A10110129,92‐1700 KUNIA RD
920050220000,AV10090004,92‐1700 KUNIA RD
920050230001,A10120200,92‐1700 KUNIA RD
920050230007,A10120201,92‐1700 KUNIA RD
920050230014,AV10120006,92‐1700 KUNIA RD
920190950000,A10140503,92‐2171 KULIHI ST
920430020000,A01140225,FARRINGTON HWY
920430070000,A01140226,FARRINGTON HWY
920450010000,AV0500003,FARRINGTON HWY
920450020000,A05140313,FARRINGTON HWY
920450060000,A05140315,FARRINGTON HWY
920490070000,A01140504,FARRINGTON HWY
920490100000,A01140505,FARRINGTON HWY
920490110000,A01140506,HUNEKAI ST
920500010000,A01140228,FARRINGTON HWY
920500030000,A01140227,FARRINGTON HWY
940020520000,A05120155,94‐761 KUPUNA LP
940030010000,A05140316,94‐2101 E KUNIA RD
940030010000,A05140317,94‐2101 E KUNIA RD
940030010000,A05140318,94‐2101 E KUNIA RD
940030020000,A05110142,KUNIA RD
940030030000,A05140322,94‐649 LANIKUHANA AVE
940030040000,A05140324,KUNIA RD
940040020000,A05140319,KUNIA RD
940040020000,A05140320,KUNIA RD
940040030000,A05140321,KUNIA RD
940040040000,A05140323,KUNIA RD
940040050000,AV10120004,KUNIA RD
940040070000,A05140325,KUNIA RD
940040080000,A05140326,KUNIA RD
940040090000,A05110093,KUNIA RD
940040100000,A05140327,KUNIA RD
940040110000,A05140328,KUNIA RD
Parcel ID (TMK),Petition Number,Site Address
940040120000,A05140329,KUNIA RD
940040180000,A05140330,KUNIA RD
940040190000,A05140331,94‐2101 KUNIA RD
940050100000,A10140205,94‐424 KAMEHAMEHA HWY
940050520002,A10140191,94‐50 KAM HWY
940050520008,A10140218,94‐50 KAM HWY
940050690000,A10080012,94‐415 MAKAPIPIPI ST
940050900000,A05110143B,94‐415 MAKAPIPIPI ST
940050910000,A05110143C,94‐415 MAKAPIPIPI ST
940050920000,A05110143D,94‐415 MAKAPIPIPI ST
940050950000,A05110181,94‐415 MAKAPIPIPI ST
940050960000,A05110143E,94‐415 MAKAPIPIPI ST
940050970000,A05110143A,94‐415 MAKAPIPIPI ST
940060010000,A01140508,KAMEHAMEHA HWY
940060010000,A01140508,KAMEHAMEHA HWY
940060020000,A01140509,KAMEHAMEHA HWY
940060110000,AV0500015,WAIPIO
940060110000,AV0500015,WAIPIO
940060290000,A01140507,KAMEHAMEHA HWY
940060310000,AV0500016,KAMEHAMEHA HWY
940060370000,AV0500001,96‐1088 WAIHONA ST
940060380000,A01140511,KAMEHAMEHA HWY
940060390000,A01140512,KAMEHAMEHA HWY
940060400000,A01140510,MILILANI MEMORIAL PARK
950020030000,A01140513,77‐808 KAMEHAMEHA HWY
950020620000,A05140067,KAPANOE ST
950030010000,A01140514,KAMEHAMEHA HWY
950030010000,A01140515,KAMEHAMEHA HWY
950030010000,A05110241,KAMEHAMEHA HWY
950030020000,A01140516,KAMEHAMEHA HWY
950030040000,A01140517,KAMEHAMEHA HWY
950030040000,A01140518,KAMEHAMEHA HWY
950030070000,A01140519,KAMEHAMEHA HWY
950030090000,A01140520,KAMEHAMEHA HWY
950030100000,A01140521,95‐1800 MEHEULA PKWY
950030110000,A05110242,KAMEHAMEHA HWY
950030110000,A05110243,KAMEHAMEHA HWY
950030110000,A05110244,KAMEHAMEHA HWY
950030110000,A05110245,KAMEHAMEHA HWY
950030140000,A05110247,KAMEHAMEHA HWY
950030140000,A05120197,KAMEHAMEHA HWY
960020120000,AV10100021,WAIAWA RD
960020220000,A05130220,96‐163 WAIAWA RD
Parcel ID (TMK),Petition Number,Site Address
960020280000,AV10100020,WAIAWA RD
960020290000,A05130120,WAIAWA RD
960020370000,A05100230,WAIAWA RD
960030250000,AV10100022,WAIAWA RD
960030260000,A10050346A,96‐121 WAIAWA RD
960030270000,A10050346E,96‐123 WAIAWA RD
960030280000,A10050346F,96‐79 WAIAWA RD
960030290000,A10050346B,WAIAWA RD
960030300000,A10050347A,96‐55 B WAIAWA RD
960030310000,A10050346C,WAIAWA RD
960030320000,A10050346G,WAIAWA RD
960030330000,A10050346D,WAIAWA RD
960030340000,A10050347B,96‐55 WAIAWA RD
960030350000,A10050347D,96‐39 WAIAWA RD
960030370000,A10050347F,96‐23 WAIAWA RD
960030380000,A05140522,96‐3 WAIAWA RD
960040010000,AV0700004,96‐90 KAM HWY
960040060000,A10110132,96‐136 FARRINGTON HWY
960040210000,A01140523,WAIMANO HOME RD
960040230000,AV10100012,WAIHONA ST
960040240000,A01140524,96‐1110 WAIHONA ST
960040240000,AV0500044,96‐1110 WAIHONA ST
960050010000,AV0700003,94‐670 KAM HWY
960050030000,AV0500045,94‐1340 KA UKA BLVD
960050030000,AV0500045,94‐1340 KA UKA BLVD
980160480000,A05130121,98‐154 KAM HWY
980160590000,A10070050,KAMEHAMEHA HWY
